-- phpMyAdmin SQL Dump
-- version 5.2.1
-- https://www.phpmyadmin.net/
--
-- Host: 127.0.0.1
-- Generation Time: Dec 10, 2024 at 02:41 PM
-- Server version: 10.4.32-MariaDB
-- PHP Version: 8.2.12

SET SQL_MODE = "NO_AUTO_VALUE_ON_ZERO";
START TRANSACTION;
SET time_zone = "+00:00";


/*!40101 SET @OLD_CHARACTER_SET_CLIENT=@@CHARACTER_SET_CLIENT */;
/*!40101 SET @OLD_CHARACTER_SET_RESULTS=@@CHARACTER_SET_RESULTS */;
/*!40101 SET @OLD_COLLATION_CONNECTION=@@COLLATION_CONNECTION */;
/*!40101 SET NAMES utf8mb4 */;

--
-- Database: `inventaris_web`
--

-- --------------------------------------------------------

--
-- Table structure for table `barang`
--

CREATE TABLE `barang` (
  `barang_id` int(11) NOT NULL,
  `kode_barang` varchar(255) NOT NULL,
  `nama_barang` varchar(255) NOT NULL,
  `angka` float NOT NULL,
  `unit_id` int(11) NOT NULL,
  `tipe` varchar(255) NOT NULL,
  `warna` varchar(255) DEFAULT NULL,
  `created_at` timestamp NULL DEFAULT NULL,
  `updated_at` timestamp NULL DEFAULT NULL
) ENGINE=InnoDB DEFAULT CHARSET=utf8mb4 COLLATE=utf8mb4_general_ci;

--
-- Dumping data for table `barang`
--

INSERT INTO `barang` (`barang_id`, `kode_barang`, `nama_barang`, `angka`, `unit_id`, `tipe`, `warna`, `created_at`, `updated_at`) VALUES
(1, 'A003', 'Benang Oren', 5, 1, 'Consumable', 'Oren', NULL, '2024-09-17 15:45:51'),
(3, 'B001', 'Kain Hijau', 6, 1, 'Consumable', 'Hijau', '2024-09-02 16:27:12', '2024-09-17 16:23:19'),
(4, 'A001', 'Benang Merah', 3000, 7, 'Consumable', 'Merah', '2024-08-26 21:37:26', '2024-09-17 15:46:50'),
(5, 'B002', 'Kain Kuning', 3, 1, 'Consumable', 'Kuning', '2024-09-02 15:59:24', '2024-09-17 16:23:29'),
(9, 'A004', 'Benang Polyester', 1000, 8, 'Consumable', 'Putih', '2024-09-17 16:20:33', '2024-09-17 16:20:33'),
(10, 'A005', 'Benang Polyester', 500, 8, 'Consumable', 'Putih', '2024-09-17 16:21:33', '2024-09-17 16:21:33'),
(11, 'A002', 'Benang Rayon', 500, 8, 'Consumable', 'Merah', '2024-09-17 16:22:51', '2024-09-17 16:22:51'),
(12, 'M001', 'Mesin Bordir', 1, 9, 'Non Consumable', 'Silver', '2024-09-17 16:25:12', '2024-09-17 16:25:12'),
(13, 'M002', 'Rangka Bordir', 5, 9, 'Non Consumable', 'Hitam', '2024-09-17 16:25:55', '2024-09-17 16:25:55'),
(14, 'A006', 'Benang Merah', 250, 8, 'Consumable', 'Merah', '2024-09-17 16:34:07', '2024-09-17 16:34:07'),
(19, 'A097', 'Kain Pecah Oren', 16, 8, 'Consumable', 'Tidak ada', '2024-11-05 15:23:00', '2024-11-05 15:23:00'),
(24, 'A999', 'Kain Pecah Oren', 16, 1, 'Consumable', 'Tidak ada', '2024-11-05 15:30:45', '2024-11-05 15:30:45'),
(25, 'A9999', 'Kain sambung merah', 16, 1, 'Consumable', 'Tidak ada', '2024-11-05 15:36:28', '2024-11-05 15:36:28'),
(26, 'A9998', 'Kain sambung biru', 12, 6, 'Consumable', 'Tidak ada', '2024-11-05 15:36:28', '2024-11-05 15:36:28'),
(27, 'A9997', 'Kain sambung hijau', 14, 8, 'Consumable', 'Tidak ada', '2024-11-05 15:36:28', '2024-11-05 15:36:28'),
(37, 'ESTEH123', 'kerangka Badan', 1, 9, 'Non Consumable', '', '2024-11-05 17:24:25', '2024-11-05 17:24:25'),
(38, 'ESTEH124', 'kerangka Mesin', 2, 9, 'Non Consumable', '', '2024-11-05 17:24:25', '2024-11-05 17:24:25');

-- --------------------------------------------------------

--
-- Table structure for table `barangproduksi`
--

CREATE TABLE `barangproduksi` (
  `barang_id` int(11) NOT NULL,
  `nama` varchar(200) NOT NULL,
  `nama_jenis` varchar(200) NOT NULL,
  `ukuran` varchar(255) NOT NULL,
  `deskripsi` text NOT NULL
) ENGINE=InnoDB DEFAULT CHARSET=utf8mb4 COLLATE=utf8mb4_general_ci;

--
-- Dumping data for table `barangproduksi`
--

INSERT INTO `barangproduksi` (`barang_id`, `nama`, `nama_jenis`, `ukuran`, `deskripsi`) VALUES
(4, 'Baju Merah', 'Baju Lengan Panjan', '25', 'Baju dengan kain katun'),
(5, 'Kaos Kaki Rajut hitam', 'Celana Pendek', '27', 'tidak ada'),
(6, 'Kaos', 'Baju', '25', 'test');

-- --------------------------------------------------------

--
-- Table structure for table `gudang`
--

CREATE TABLE `gudang` (
  `id_gudang` int(11) NOT NULL,
  `tanggal` date NOT NULL,
  `barang_id` int(11) NOT NULL,
  `user_id` int(11) NOT NULL,
  `quantity_awal` float NOT NULL,
  `quantity_masuk` float NOT NULL,
  `quantity_keluar` float NOT NULL,
  `quantity_akhir` float NOT NULL,
  `catatan` varchar(255) DEFAULT NULL,
  `created_at` timestamp NULL DEFAULT NULL,
  `update_at` timestamp NULL DEFAULT NULL
) ENGINE=InnoDB DEFAULT CHARSET=utf8mb4 COLLATE=utf8mb4_general_ci;

--
-- Dumping data for table `gudang`
--

INSERT INTO `gudang` (`id_gudang`, `tanggal`, `barang_id`, `user_id`, `quantity_awal`, `quantity_masuk`, `quantity_keluar`, `quantity_akhir`, `catatan`, `created_at`, `update_at`) VALUES
(38, '2024-11-06', 1, 1, 0, 5, 5, 0, 'Verifikasi pemesanan ID: 250', '2024-11-06 19:32:42', '2024-11-06 19:32:42'),
(39, '2024-11-06', 11, 1, 0, 15, 0, 15, 'Verifikasi pemesanan ID: 250', '2024-11-06 19:32:42', '2024-11-06 19:32:42'),
(40, '2024-11-06', 4, 1, 0, 20, 20, 0, 'Verifikasi pemesanan ID: 250', '2024-11-06 19:32:42', '2024-11-06 19:32:42'),
(41, '2024-11-06', 4, 1, 0, 14, 0, 14, 'Verifikasi pemesanan ID: 251', '2024-11-06 19:34:37', '2024-11-06 19:34:37'),
(42, '2024-11-06', 11, 1, 15, 15, 15, 15, 'Verifikasi pemesanan ID: 251', '2024-11-06 19:34:37', '2024-11-06 19:34:37'),
(43, '2024-11-06', 1, 1, 0, 20, 0, 20, 'Verifikasi pemesanan ID: 251', '2024-11-06 19:34:37', '2024-11-06 19:34:37'),
(44, '2024-11-07', 11, 1, 15, 0, 2, 13, NULL, '2024-11-07 16:10:01', '2024-11-07 16:10:01'),
(45, '2024-11-07', 4, 1, 14, 0, 5, 9, NULL, '2024-11-07 17:07:20', '2024-11-07 17:07:20'),
(46, '2024-11-08', 11, 3, 13, 0, 5, 8, NULL, '2024-11-08 11:11:51', '2024-11-08 11:11:51'),
(47, '2024-11-08', 4, 2, 9, 0, 2, 7, NULL, '2024-11-08 11:15:13', '2024-11-08 11:15:13'),
(48, '2024-11-08', 11, 3, 8, 0, 2, 6, NULL, '2024-11-08 11:15:13', '2024-11-08 11:15:13'),
(49, '2024-11-08', 1, 2, 20, 0, 5, 15, 'Dipakai 5 Benang, buat produksi', '2024-11-08 11:18:52', '2024-11-08 11:18:52'),
(50, '2024-11-08', 4, 3, 7, 0, 1, 6, 'dipakai 1 buat buat produksi', '2024-11-08 11:18:52', '2024-11-08 11:18:52');

-- --------------------------------------------------------

--
-- Table structure for table `jenis`
--

CREATE TABLE `jenis` (
  `id` int(11) NOT NULL,
  `nama_jenis` varchar(200) NOT NULL,
  `deskripsi` text NOT NULL
) ENGINE=InnoDB DEFAULT CHARSET=utf8mb4 COLLATE=utf8mb4_general_ci;

--
-- Dumping data for table `jenis`
--

INSERT INTO `jenis` (`id`, `nama_jenis`, `deskripsi`) VALUES
(1, 'Baju', 'Tshirt biasa'),
(2, 'Baju Lengan Panjan', 'Baju dengan Lengan Panjang'),
(3, 'Celana Pendek', 'Celana Dengan panjang 20cm');

-- --------------------------------------------------------

--
-- Table structure for table `laporanproduksi`
--

CREATE TABLE `laporanproduksi` (
  `laporan_id` int(11) NOT NULL,
  `mesin_id` varchar(100) NOT NULL,
  `shift_id` int(11) NOT NULL,
  `tanggal_kerja` date NOT NULL,
  `nama_kerjaan` varchar(200) NOT NULL,
  `vs` int(11) DEFAULT NULL,
  `stitch` int(11) DEFAULT NULL,
  `kuantitas` int(11) NOT NULL,
  `bs` int(11) NOT NULL,
  `berat` varchar(200) DEFAULT NULL,
  `nama_barang` varchar(200) NOT NULL
) ENGINE=InnoDB DEFAULT CHARSET=utf8mb4 COLLATE=utf8mb4_general_ci;

--
-- Dumping data for table `laporanproduksi`
--

INSERT INTO `laporanproduksi` (`laporan_id`, `mesin_id`, `shift_id`, `tanggal_kerja`, `nama_kerjaan`, `vs`, `stitch`, `kuantitas`, `bs`, `berat`, `nama_barang`) VALUES
(36, '3', 38, '2024-12-10', 'SD 2 Solo', 1, 1, 55, 3, '', 'Baju Merah'),
(37, '3', 38, '2024-12-09', 'SD 5 Gedangan', 1, 2, 2000, 1, '', 'Baju Merah'),
(38, '1', 38, '2024-12-09', 'CV Lintas Sungai', NULL, NULL, 1000, 1, '20 Kg', 'Kaos Kaki Rajut hitam'),
(39, '1', 39, '2024-12-11', 'SDN 12 Krajan', NULL, NULL, 2000, 2, '20 Kg', '6'),
(40, '3', 40, '2025-01-08', 'SMP 12 Surabaya', 1, 5, 250, 2, '', '5');

-- --------------------------------------------------------

--
-- Table structure for table `laporan_keluar`
--

CREATE TABLE `laporan_keluar` (
  `id` int(11) NOT NULL,
  `nama` varchar(200) NOT NULL,
  `barang` varchar(200) NOT NULL,
  `qty` int(11) NOT NULL,
  `tanggal` date NOT NULL,
  `catatan` text NOT NULL
) ENGINE=InnoDB DEFAULT CHARSET=utf8mb4 COLLATE=utf8mb4_general_ci;

-- --------------------------------------------------------

--
-- Table structure for table `mesin`
--

CREATE TABLE `mesin` (
  `mesin_id` int(11) NOT NULL,
  `nama` varchar(200) NOT NULL,
  `kategori` enum('1','2') NOT NULL,
  `deskripsi` text NOT NULL
) ENGINE=InnoDB DEFAULT CHARSET=utf8mb4 COLLATE=utf8mb4_general_ci;

--
-- Dumping data for table `mesin`
--

INSERT INTO `mesin` (`mesin_id`, `nama`, `kategori`, `deskripsi`) VALUES
(1, 'Mesin Bordir', '2', 'test1'),
(3, 'Mesin A13', '1', 'Ayam');

-- --------------------------------------------------------

--
-- Table structure for table `nota`
--

CREATE TABLE `nota` (
  `nota_id` int(11) NOT NULL,
  `nama_konsumen` varchar(200) NOT NULL,
  `tanggal` date NOT NULL,
  `barang` varchar(255) NOT NULL,
  `harga` varchar(255) NOT NULL,
  `qty` varchar(255) NOT NULL,
  `total_qty` int(11) NOT NULL,
  `total_harga` int(11) NOT NULL
) ENGINE=InnoDB DEFAULT CHARSET=utf8mb4 COLLATE=utf8mb4_general_ci;

--
-- Dumping data for table `nota`
--

INSERT INTO `nota` (`nota_id`, `nama_konsumen`, `tanggal`, `barang`, `harga`, `qty`, `total_qty`, `total_harga`) VALUES
(18, 'Test21', '2024-11-08', 'Baju Merah,Baju Merah', '1500,1500', '155,151', 306, 459000);

-- --------------------------------------------------------

--
-- Table structure for table `pembelian`
--

CREATE TABLE `pembelian` (
  `pembelian_id` int(11) NOT NULL,
  `pemesanan_id` int(11) NOT NULL,
  `user_id` int(11) DEFAULT NULL,
  `total_biaya` float NOT NULL
) ENGINE=InnoDB DEFAULT CHARSET=utf8mb4 COLLATE=utf8mb4_general_ci;

--
-- Dumping data for table `pembelian`
--

INSERT INTO `pembelian` (`pembelian_id`, `pemesanan_id`, `user_id`, `total_biaya`) VALUES
(15, 80, NULL, 0),
(16, 81, NULL, 0),
(17, 81, NULL, 0),
(18, 82, NULL, 0),
(19, 83, NULL, 0),
(20, 83, NULL, 0),
(21, 84, NULL, 0),
(22, 85, NULL, 0),
(23, 86, NULL, 0),
(24, 87, NULL, 0),
(25, 88, NULL, 0),
(26, 92, NULL, 0),
(27, 93, NULL, 0),
(28, 94, NULL, 0),
(29, 95, NULL, 0),
(30, 96, NULL, 0),
(31, 97, NULL, 0),
(32, 98, NULL, 0),
(33, 99, NULL, 0),
(34, 100, NULL, 0),
(35, 101, NULL, 0),
(36, 102, NULL, 0),
(37, 103, NULL, 0),
(38, 104, NULL, 0),
(39, 105, NULL, 0),
(40, 106, NULL, 0),
(41, 107, NULL, 0),
(42, 108, NULL, 0),
(43, 109, NULL, 0),
(44, 110, NULL, 0),
(45, 111, NULL, 0),
(46, 112, NULL, 0),
(47, 113, NULL, 0),
(48, 114, NULL, 0),
(49, 115, NULL, 0),
(50, 116, NULL, 0),
(51, 117, NULL, 0),
(52, 118, NULL, 0),
(53, 119, NULL, 0),
(54, 120, NULL, 0),
(55, 121, NULL, 0),
(56, 122, NULL, 0),
(57, 123, NULL, 0),
(58, 124, NULL, 0),
(59, 125, NULL, 0),
(60, 126, NULL, 0),
(61, 127, NULL, 0),
(62, 128, NULL, 0),
(63, 129, NULL, 0),
(64, 130, NULL, 0),
(65, 131, NULL, 0),
(66, 132, NULL, 0),
(67, 133, NULL, 0),
(68, 134, NULL, 0),
(69, 135, NULL, 0),
(70, 136, NULL, 0),
(71, 137, NULL, 0),
(72, 138, NULL, 0),
(73, 139, NULL, 0),
(74, 140, NULL, 0),
(75, 141, NULL, 0),
(76, 142, NULL, 0),
(77, 143, NULL, 0),
(78, 144, NULL, 0),
(79, 145, NULL, 0),
(80, 146, NULL, 0),
(81, 147, NULL, 0),
(82, 148, NULL, 0),
(83, 149, NULL, 0),
(84, 150, NULL, 0),
(85, 151, NULL, 0),
(86, 152, NULL, 0),
(87, 153, NULL, 0),
(88, 154, NULL, 0),
(89, 155, NULL, 0),
(90, 156, NULL, 0),
(91, 157, NULL, 0),
(92, 158, NULL, 0),
(93, 159, NULL, 0),
(94, 160, NULL, 0),
(95, 161, NULL, 0),
(96, 162, NULL, 0),
(97, 163, NULL, 0),
(98, 164, NULL, 0),
(99, 165, NULL, 0),
(100, 166, NULL, 0),
(101, 167, NULL, 0),
(102, 168, NULL, 0),
(103, 169, NULL, 0),
(104, 170, NULL, 0),
(105, 171, NULL, 0),
(106, 172, NULL, 0),
(107, 173, NULL, 0),
(108, 174, NULL, 0),
(109, 175, NULL, 0),
(110, 176, NULL, 0),
(111, 177, NULL, 0),
(112, 178, NULL, 0),
(113, 179, NULL, 0),
(114, 180, NULL, 0),
(115, 181, NULL, 0),
(116, 185, NULL, 0),
(117, 186, NULL, 0),
(118, 187, NULL, 0),
(119, 188, NULL, 0),
(120, 190, NULL, 0),
(121, 191, NULL, 0),
(122, 192, NULL, 0),
(124, 196, NULL, 0),
(126, 217, 1, 0),
(127, 218, 1, 0),
(128, 219, 1, 0),
(129, 220, 1, 0),
(130, 221, 1, 0),
(131, 222, 1, 0),
(132, 223, 1, 1475000),
(133, 224, 1, 0),
(134, 225, 1, 0),
(135, 226, 1, 0),
(140, 231, 1, 0),
(141, 232, 1, 0),
(142, 233, 1, 0),
(144, 235, 1, 0),
(146, 237, 1, 4575000),
(148, 239, 1, 0),
(149, 240, 1, 0),
(150, 241, 1, 790000),
(151, 242, 1, 600000),
(152, 243, 1, 940000),
(153, 244, 1, 4200000),
(154, 245, 1, 2050000),
(155, 246, 1, 1300000),
(156, 247, 1, 0),
(157, 248, 1, 7750000),
(158, 249, 1, 0),
(159, 250, 1, 600000),
(160, 251, 1, 1225000),
(162, 253, 1, 0),
(165, 256, 1, 360000),
(166, 257, 1, 495000),
(167, 258, 1, 0),
(168, 259, 1, 0),
(171, 262, 1, 0);

-- --------------------------------------------------------

--
-- Table structure for table `pembelian_detail`
--

CREATE TABLE `pembelian_detail` (
  `belidetail_id` int(11) NOT NULL,
  `pembelian_id` int(11) NOT NULL,
  `pesandetail_id` int(11) NOT NULL,
  `cek_barang` decimal(10,0) NOT NULL,
  `total_biaya` decimal(10,0) NOT NULL,
  `supplier_id` int(11) NOT NULL,
  `catatan` varchar(255) DEFAULT NULL,
  `is_correct` tinyint(4) NOT NULL,
  `created_at` timestamp NULL DEFAULT NULL,
  `updated_at` timestamp NULL DEFAULT NULL
) ENGINE=InnoDB DEFAULT CHARSET=utf8mb4 COLLATE=utf8mb4_general_ci;

--
-- Dumping data for table `pembelian_detail`
--

INSERT INTO `pembelian_detail` (`belidetail_id`, `pembelian_id`, `pesandetail_id`, `cek_barang`, `total_biaya`, `supplier_id`, `catatan`, `is_correct`, `created_at`, `updated_at`) VALUES
(39, 19, 30, 0, 0, 0, NULL, 0, '2024-09-23 11:53:06', NULL),
(40, 20, 31, 0, 0, 0, NULL, 0, '2024-09-23 11:54:46', NULL),
(41, 21, 32, 0, 0, 0, NULL, 0, '2024-09-23 12:05:01', NULL),
(42, 22, 33, 0, 0, 0, NULL, 0, '2024-09-24 09:51:47', NULL),
(43, 32, 34, 0, 0, 0, NULL, 0, '2024-09-24 12:31:35', NULL),
(44, 33, 35, 0, 0, 0, NULL, 0, '2024-09-24 12:32:21', NULL),
(45, 34, 36, 0, 0, 0, NULL, 0, '2024-09-24 12:46:10', NULL),
(46, 36, 37, 0, 0, 0, NULL, 0, '2024-09-24 12:48:35', NULL),
(47, 37, 38, 0, 0, 0, NULL, 0, '2024-09-24 12:53:41', NULL),
(48, 40, 39, 0, 0, 0, NULL, 0, '2024-09-24 13:07:23', NULL),
(49, 47, 40, 0, 0, 0, NULL, 0, '2024-09-29 09:59:23', NULL),
(50, 50, 41, 0, 0, 0, NULL, 0, '2024-09-29 11:19:55', NULL),
(51, 51, 43, 0, 0, 0, NULL, 0, '2024-09-29 11:27:12', NULL),
(52, 53, 45, 0, 0, 0, NULL, 0, '2024-10-01 10:42:35', NULL),
(53, 54, 47, 0, 0, 0, NULL, 0, '2024-10-01 11:09:12', NULL),
(54, 55, 50, 0, 0, 0, NULL, 0, '2024-10-01 11:12:59', NULL),
(55, 56, 53, 0, 0, 0, NULL, 0, '2024-10-01 11:26:13', NULL),
(56, 57, 56, 0, 0, 0, NULL, 0, '2024-10-01 11:30:59', NULL),
(57, 58, 58, 0, 0, 0, NULL, 0, '2024-10-01 11:35:28', NULL),
(58, 59, 61, 0, 0, 0, NULL, 0, '2024-10-01 11:40:35', NULL),
(59, 60, 64, 0, 0, 0, NULL, 0, '2024-10-01 11:43:34', NULL),
(60, 61, 65, 0, 0, 0, NULL, 0, '2024-10-01 11:49:18', NULL),
(61, 62, 68, 0, 0, 0, NULL, 0, '2024-10-01 11:49:43', NULL),
(62, 65, 69, 0, 0, 0, NULL, 0, '2024-10-04 04:54:29', NULL),
(63, 67, 72, 0, 0, 0, NULL, 0, '2024-10-04 05:24:05', NULL),
(64, 67, 75, 0, 0, 0, NULL, 0, '2024-10-04 05:39:18', NULL),
(65, 67, 76, 0, 0, 0, NULL, 0, '2024-10-04 05:39:43', NULL),
(66, 67, 77, 0, 0, 0, NULL, 0, '2024-10-04 05:40:38', NULL),
(67, 67, 78, 0, 0, 0, NULL, 0, '2024-10-04 05:40:43', NULL),
(68, 67, 79, 0, 0, 0, NULL, 0, '2024-10-04 05:43:20', NULL),
(69, 68, 80, 0, 0, 0, NULL, 0, '2024-10-04 05:53:32', NULL),
(70, 68, 82, 0, 0, 0, NULL, 0, '2024-10-04 05:56:41', NULL),
(71, 74, 83, 0, 0, 0, NULL, 0, '2024-10-05 07:57:26', NULL),
(72, 85, 86, 0, 0, 0, NULL, 0, '2024-10-06 00:05:32', NULL),
(73, 87, 87, 0, 0, 0, NULL, 0, '2024-10-06 00:08:30', NULL),
(74, 88, 93, 0, 0, 0, NULL, 0, '2024-10-06 00:51:38', NULL),
(75, 89, 96, 0, 0, 0, NULL, 0, '2024-10-06 06:12:35', NULL),
(76, 93, 99, 0, 0, 0, NULL, 0, '2024-10-06 12:37:29', NULL),
(77, 94, 102, 0, 0, 0, NULL, 0, '2024-10-06 12:45:50', NULL),
(78, 95, 104, 0, 0, 0, NULL, 0, '2024-10-06 12:48:38', NULL),
(79, 96, 109, 0, 0, 0, NULL, 0, '2024-10-07 23:46:07', NULL),
(80, 97, 112, 0, 0, 0, NULL, 0, '2024-10-08 06:00:00', NULL),
(81, 101, 114, 0, 0, 0, NULL, 0, '2024-10-11 06:07:56', NULL),
(85, 102, 118, 0, 0, 0, NULL, 0, '2024-10-15 06:23:57', NULL),
(86, 103, 119, 0, 0, 0, NULL, 0, '2024-10-15 06:24:54', NULL),
(88, 105, 123, 0, 0, 0, NULL, 0, '2024-10-15 07:26:54', NULL),
(89, 111, 141, 0, 0, 0, NULL, 0, '2024-10-15 08:01:31', NULL),
(90, 111, 142, 0, 0, 0, NULL, 0, '2024-10-15 08:01:31', NULL),
(91, 111, 143, 0, 0, 0, NULL, 0, '2024-10-15 08:01:31', NULL),
(92, 111, 144, 0, 0, 0, NULL, 0, '2024-10-15 08:01:31', NULL),
(93, 115, 145, 0, 0, 0, NULL, 0, '2024-10-26 11:00:23', NULL),
(94, 116, 146, 0, 0, 0, NULL, 0, '2024-10-26 12:43:47', NULL),
(95, 116, 147, 0, 0, 0, NULL, 0, '2024-10-26 12:43:47', NULL),
(96, 119, 148, 0, 0, 0, NULL, 0, '2024-10-26 13:23:57', NULL),
(119, 131, 187, 0, 0, 0, NULL, 0, NULL, NULL),
(124, 131, 191, 0, 0, 0, NULL, 0, NULL, NULL),
(127, 132, 193, 250000, 1250000, 0, NULL, 1, '2024-11-01 09:28:35', NULL),
(128, 132, 194, 15000, 225000, 0, NULL, 1, '2024-11-01 09:28:35', NULL),
(129, 146, 195, 15000, 75000, 0, NULL, 1, '2024-11-02 00:49:24', NULL),
(130, 146, 196, 90000, 1350000, 0, NULL, 1, '2024-11-02 00:49:24', NULL),
(131, 146, 197, 90000, 1800000, 0, NULL, 1, NULL, NULL),
(132, 146, 198, 90000, 1350000, 0, NULL, 1, NULL, NULL),
(133, 150, 199, 10000, 50000, 0, NULL, 1, '2024-11-02 06:52:59', NULL),
(134, 150, 200, 15000, 240000, 0, NULL, 1, '2024-11-02 06:52:59', NULL),
(135, 150, 201, 25000, 500000, 0, NULL, 1, '2024-11-02 06:52:59', NULL),
(136, 151, 202, 15000, 75000, 0, NULL, 1, '2024-11-03 08:23:14', NULL),
(137, 151, 203, 15000, 225000, 0, NULL, 1, '2024-11-03 08:23:14', NULL),
(138, 151, 204, 15000, 300000, 0, NULL, 1, '2024-11-03 08:23:14', NULL),
(139, 152, 205, 20000, 240000, 0, NULL, 1, '2024-11-03 08:45:35', NULL),
(140, 152, 206, 20000, 300000, 0, NULL, 1, '2024-11-03 08:45:35', NULL),
(141, 152, 207, 20000, 400000, 0, NULL, 1, '2024-11-03 08:45:35', NULL),
(142, 153, 208, 70000, 350000, 0, NULL, 1, '2024-11-03 08:52:01', NULL),
(143, 153, 209, 70000, 1050000, 0, NULL, 1, '2024-11-03 08:52:01', NULL),
(144, 153, 210, 70000, 1400000, 0, NULL, 1, '2024-11-03 08:52:01', NULL),
(145, 153, 211, 70000, 1400000, 0, NULL, 1, '2024-11-03 08:52:01', NULL),
(146, 154, 212, 15000, 225000, 0, NULL, 1, '2024-11-03 09:05:13', NULL),
(147, 154, 213, 15000, 225000, 0, NULL, 1, '2024-11-03 09:05:13', NULL),
(148, 154, 214, 20000, 100000, 0, NULL, 1, '2024-11-03 09:05:13', NULL),
(149, 154, 215, 1500000, 1500000, 0, NULL, 1, '2024-11-03 09:05:13', NULL),
(150, 155, 216, 25000, 125000, 0, NULL, 1, '2024-11-03 11:03:13', NULL),
(151, 155, 217, 25000, 375000, 0, NULL, 1, '2024-11-03 11:03:13', NULL),
(152, 155, 218, 25000, 500000, 0, NULL, 1, '2024-11-03 11:03:13', NULL),
(153, 155, 219, 15000, 300000, 0, NULL, 1, NULL, NULL),
(154, 157, 220, 125000, 1500000, 0, NULL, 1, '2024-11-06 05:11:16', NULL),
(155, 157, 221, 125000, 3750000, 0, NULL, 1, '2024-11-06 05:11:16', NULL),
(156, 157, 222, 125000, 2500000, 0, NULL, 1, '2024-11-06 05:11:16', NULL),
(157, 159, 223, 15000, 75000, 0, NULL, 1, '2024-11-06 12:31:45', NULL),
(158, 159, 224, 15000, 225000, 0, NULL, 1, '2024-11-06 12:31:45', NULL),
(159, 159, 225, 15000, 300000, 0, NULL, 1, '2024-11-06 12:31:45', NULL),
(160, 160, 226, 25000, 350000, 0, NULL, 1, '2024-11-06 12:33:53', NULL),
(161, 160, 227, 25000, 375000, 0, NULL, 1, '2024-11-06 12:33:53', NULL),
(162, 160, 228, 25000, 500000, 0, NULL, 1, '2024-11-06 12:33:53', NULL),
(163, 165, 229, 15000, 180000, 1, NULL, 1, '2024-11-07 11:16:05', NULL),
(164, 165, 230, 12000, 180000, 2, NULL, 1, '2024-11-07 11:16:05', NULL),
(165, 166, 231, 15000, 180000, 1, NULL, 1, '2024-11-07 11:16:57', NULL),
(166, 166, 232, 21000, 315000, 3, NULL, 1, '2024-11-07 11:16:57', NULL),
(167, 168, 235, 0, 0, 0, NULL, 0, '2024-11-07 23:57:47', NULL),
(168, 168, 236, 0, 0, 0, NULL, 0, '2024-11-07 23:57:47', NULL),
(169, 171, 237, 0, 0, 0, NULL, 0, '2024-11-08 02:57:47', NULL),
(170, 171, 238, 0, 0, 0, NULL, 0, '2024-11-08 02:57:47', NULL),
(171, 171, 239, 0, 0, 0, NULL, 0, '2024-11-08 02:57:47', NULL);

-- --------------------------------------------------------

--
-- Table structure for table `pemesanan`
--

CREATE TABLE `pemesanan` (
  `pemesanan_id` int(11) NOT NULL,
  `user_id` int(11) NOT NULL,
  `tanggal` date NOT NULL,
  `total_item` float NOT NULL,
  `status` tinyint(4) NOT NULL DEFAULT 0,
  `created_at` timestamp NULL DEFAULT NULL,
  `updated_at` timestamp NULL DEFAULT NULL
) ENGINE=InnoDB DEFAULT CHARSET=utf8mb4 COLLATE=utf8mb4_general_ci;

--
-- Dumping data for table `pemesanan`
--

INSERT INTO `pemesanan` (`pemesanan_id`, `user_id`, `tanggal`, `total_item`, `status`, `created_at`, `updated_at`) VALUES
(71, 1, '2024-09-23', 1, 0, '2024-09-23 17:17:10', '2024-10-11 14:44:28'),
(72, 1, '2024-09-23', 1, 0, '2024-09-23 17:18:29', '2024-10-11 14:45:39'),
(73, 1, '2024-09-23', 0, 0, '2024-09-23 17:21:58', '2024-09-23 17:21:58'),
(74, 1, '2024-09-23', 1, 0, '2024-09-23 17:29:54', '2024-10-11 14:46:36'),
(75, 1, '2024-09-23', 1, 0, '2024-09-23 17:31:57', '2024-10-11 14:53:41'),
(76, 1, '2024-09-23', 1, 0, '2024-09-23 17:33:08', '2024-09-23 17:33:19'),
(77, 1, '2024-09-23', 1, 0, '2024-09-23 17:35:08', '2024-09-23 17:36:01'),
(78, 1, '2024-09-23', 1, 0, '2024-09-23 17:36:15', '2024-09-23 17:36:23'),
(79, 1, '2024-09-23', 1, 0, '2024-09-23 17:47:07', '2024-09-23 17:47:19'),
(80, 1, '2024-09-23', 1, 0, '2024-09-23 17:56:06', '2024-09-23 17:56:15'),
(81, 1, '2024-09-23', 2, 0, '2024-09-23 18:05:25', '2024-09-23 18:06:40'),
(82, 1, '2024-09-23', 1, 0, '2024-09-23 18:11:57', '2024-09-23 18:12:02'),
(83, 1, '2024-09-23', 2, 0, '2024-09-23 18:52:43', '2024-10-06 13:10:53'),
(84, 1, '2024-09-23', 1, 0, '2024-09-23 19:04:53', '2024-10-15 15:50:41'),
(85, 1, '2024-09-24', 1, 0, '2024-09-24 16:51:19', '2024-09-24 16:51:47'),
(86, 1, '2024-09-24', 0, 0, '2024-09-24 17:38:47', '2024-09-24 17:38:47'),
(87, 1, '2024-09-24', 0, 0, '2024-09-24 17:52:08', '2024-09-24 17:52:08'),
(88, 1, '2024-09-24', 0, 0, '2024-09-24 17:57:52', '2024-09-24 17:57:52'),
(89, 1, '2024-09-24', 0, 0, '2024-09-24 18:04:16', '2024-09-24 18:04:16'),
(90, 1, '2024-09-24', 0, 0, '2024-09-24 18:04:29', '2024-09-24 18:04:29'),
(91, 1, '2024-09-24', 0, 0, '2024-09-24 18:06:15', '2024-09-24 18:06:15'),
(92, 1, '2024-09-24', 0, 0, '2024-09-24 18:09:35', '2024-09-24 18:09:35'),
(93, 1, '2024-09-24', 0, 0, '2024-09-24 18:44:45', '2024-09-24 18:44:45'),
(94, 1, '2024-09-24', 0, 0, '2024-09-24 19:07:57', '2024-09-24 19:07:57'),
(95, 1, '2024-09-24', 0, 0, '2024-09-24 19:10:10', '2024-09-24 19:10:10'),
(96, 1, '2024-09-24', 0, 0, '2024-09-24 19:10:45', '2024-09-24 19:10:45'),
(97, 1, '2024-09-24', 0, 0, '2024-09-24 19:11:25', '2024-09-24 19:11:25'),
(98, 1, '2024-09-24', 1, 0, '2024-09-24 19:19:15', '2024-09-24 19:31:35'),
(99, 1, '2024-09-24', 1, 0, '2024-09-24 19:31:51', '2024-09-24 19:32:21'),
(100, 1, '2024-09-24', 1, 0, '2024-09-24 19:32:44', '2024-09-24 19:46:10'),
(101, 1, '2024-09-24', 0, 0, '2024-09-24 19:46:37', '2024-09-24 19:46:37'),
(102, 1, '2024-09-24', 1, 0, '2024-09-24 19:47:07', '2024-09-24 19:48:35'),
(103, 1, '2024-09-24', 1, 0, '2024-09-24 19:48:50', '2024-10-15 15:54:26'),
(104, 1, '2024-09-24', 0, 0, '2024-09-24 19:53:44', '2024-09-24 19:53:44'),
(105, 1, '2024-09-24', 0, 0, '2024-09-24 20:01:56', '2024-09-24 20:01:56'),
(106, 1, '2024-09-24', 1, 0, '2024-09-24 20:03:16', '2024-10-15 16:29:10'),
(107, 1, '2024-09-29', 0, 0, '2024-09-29 14:02:58', '2024-09-29 14:02:58'),
(108, 1, '2024-09-29', 0, 0, '2024-09-29 14:03:01', '2024-09-29 14:03:01'),
(109, 1, '2024-09-29', 0, 0, '2024-09-29 14:04:47', '2024-09-29 14:04:47'),
(110, 1, '2024-09-29', 0, 0, '2024-09-29 16:20:45', '2024-09-29 16:20:45'),
(111, 1, '2024-09-29', 0, 0, '2024-09-29 16:20:51', '2024-09-29 16:20:51'),
(112, 1, '2024-09-29', 0, 0, '2024-09-29 16:24:23', '2024-09-29 16:24:23'),
(113, 1, '2024-09-29', 1, 0, '2024-09-29 16:24:39', '2024-09-29 16:59:23'),
(114, 1, '2024-09-29', 0, 0, '2024-09-29 16:59:32', '2024-09-29 16:59:32'),
(115, 1, '2024-09-29', 0, 0, '2024-09-29 17:56:54', '2024-09-29 17:56:54'),
(116, 1, '2024-09-29', 2, 0, '2024-09-29 18:08:34', '2024-09-29 18:19:55'),
(117, 1, '2024-09-29', 2, 0, '2024-09-29 18:22:39', '2024-09-29 18:27:12'),
(118, 1, '2024-09-29', 0, 0, '2024-09-29 18:37:24', '2024-09-29 18:37:24'),
(119, 1, '2024-10-01', 2, 0, '2024-10-01 17:31:42', '2024-10-01 17:42:35'),
(120, 1, '2024-10-01', 3, 0, '2024-10-01 17:45:13', '2024-10-15 16:36:22'),
(121, 1, '2024-10-01', 3, 0, '2024-10-01 18:10:38', '2024-10-01 18:12:59'),
(122, 1, '2024-10-01', 3, 0, '2024-10-01 18:25:26', '2024-10-01 18:26:13'),
(123, 1, '2024-10-01', 2, 0, '2024-10-01 18:30:28', '2024-10-01 18:30:59'),
(124, 1, '2024-10-01', 3, 0, '2024-10-01 18:34:38', '2024-10-01 18:35:28'),
(125, 1, '2024-10-01', 3, 0, '2024-10-01 18:40:07', '2024-10-01 18:40:35'),
(126, 1, '2024-10-01', 1, 0, '2024-10-01 18:43:27', '2024-10-01 18:43:34'),
(127, 1, '2024-10-01', 3, 0, '2024-10-01 18:48:28', '2024-10-11 14:54:23'),
(128, 1, '2024-10-01', 1, 0, '2024-10-01 18:49:35', '2024-10-01 18:49:43'),
(129, 1, '2024-10-04', 0, 0, '2024-10-04 10:56:06', '2024-10-04 10:56:06'),
(130, 1, '2024-10-04', 0, 0, '2024-10-04 11:10:22', '2024-10-04 11:10:22'),
(131, 1, '2024-10-04', 3, 0, '2024-10-04 11:16:59', '2024-10-04 11:54:29'),
(132, 1, '2024-10-04', 0, 0, '2024-10-04 12:20:59', '2024-10-04 12:20:59'),
(133, 1, '2024-10-04', 8, 0, '2024-10-04 12:22:52', '2024-10-04 12:43:20'),
(134, 1, '2024-10-04', 4, 0, '2024-10-04 12:53:16', '2024-10-06 07:44:44'),
(135, 1, '2024-10-04', 0, 0, '2024-10-04 14:31:28', '2024-10-04 14:31:28'),
(136, 1, '2024-10-04', 0, 0, '2024-10-04 14:40:54', '2024-10-04 14:40:54'),
(137, 1, '2024-10-05', 0, 0, '2024-10-05 12:32:09', '2024-10-05 12:32:09'),
(138, 1, '2024-10-05', 0, 0, '2024-10-05 12:51:05', '2024-10-05 12:51:05'),
(139, 1, '2024-10-05', 0, 0, '2024-10-05 14:02:33', '2024-10-05 14:02:33'),
(140, 1, '2024-10-05', 4, 0, '2024-10-05 14:56:51', '2024-10-15 16:30:52'),
(141, 1, '2024-10-05', 0, 0, '2024-10-05 14:57:55', '2024-10-05 14:57:55'),
(142, 1, '2024-10-05', 0, 0, '2024-10-05 14:58:16', '2024-10-05 14:58:16'),
(143, 1, '2024-10-05', 0, 0, '2024-10-05 15:12:14', '2024-10-05 15:12:14'),
(144, 1, '2024-10-06', 0, 0, '2024-10-06 06:30:12', '2024-10-06 06:30:12'),
(145, 1, '2024-10-06', 0, 0, '2024-10-06 06:38:48', '2024-10-06 06:38:48'),
(146, 1, '2024-10-06', 0, 0, '2024-10-06 06:40:04', '2024-10-06 06:40:04'),
(147, 1, '2024-10-06', 0, 0, '2024-10-06 06:43:07', '2024-10-06 06:43:07'),
(148, 1, '2024-10-06', 0, 0, '2024-10-06 06:50:09', '2024-10-06 06:50:09'),
(149, 1, '2024-10-06', 0, 0, '2024-10-06 06:58:14', '2024-10-06 06:58:14'),
(150, 1, '2024-10-06', 0, 0, '2024-10-06 07:03:32', '2024-10-06 07:03:32'),
(151, 1, '2024-10-06', 2, 0, '2024-10-06 07:05:19', '2024-10-06 07:22:37'),
(152, 1, '2024-10-06', 0, 0, '2024-10-06 07:07:36', '2024-10-06 07:07:36'),
(153, 1, '2024-10-06', 3, 0, '2024-10-06 07:08:20', '2024-10-06 07:28:24'),
(154, 1, '2024-10-06', 3, 0, '2024-10-06 07:50:58', '2024-10-06 07:57:43'),
(155, 1, '2024-10-06', 3, 0, '2024-10-06 13:11:58', '2024-10-11 14:40:11'),
(156, 1, '2024-10-06', 0, 0, '2024-10-06 16:39:48', '2024-10-06 16:39:48'),
(157, 1, '2024-10-06', 0, 0, '2024-10-06 18:40:40', '2024-10-06 18:40:40'),
(158, 1, '2024-10-06', 0, 0, '2024-10-06 18:59:59', '2024-10-06 18:59:59'),
(159, 1, '2024-10-06', 3, 0, '2024-10-06 19:09:57', '2024-10-11 13:22:12'),
(160, 1, '2024-10-06', 2, 0, '2024-10-06 19:38:35', '2024-10-06 19:45:50'),
(161, 1, '2024-10-06', 5, 0, '2024-10-06 19:46:57', '2024-10-15 16:36:59'),
(162, 1, '2024-10-08', 3, 0, '2024-10-08 06:45:21', '2024-10-08 06:46:07'),
(163, 1, '2024-10-08', 2, 0, '2024-10-08 12:57:37', '2024-10-11 14:24:34'),
(164, 1, '2024-10-09', 0, 0, '2024-10-09 18:14:10', '2024-10-09 18:14:10'),
(165, 1, '2024-10-11', 0, 0, '2024-10-11 12:05:55', '2024-10-11 12:05:55'),
(166, 1, '2024-10-11', 0, 0, '2024-10-11 12:06:34', '2024-10-11 12:06:34'),
(167, 1, '2024-10-11', 1, 0, '2024-10-11 12:58:09', '2024-10-11 13:19:13'),
(168, 1, '2024-10-15', 1, 0, '2024-10-15 13:20:09', '2024-10-15 13:23:57'),
(169, 1, '2024-10-15', 3, 0, '2024-10-15 13:24:28', '2024-10-15 13:24:54'),
(170, 1, '2024-10-15', 0, 0, '2024-10-15 13:26:09', '2024-10-15 13:26:09'),
(171, 1, '2024-10-15', 2, 0, '2024-10-15 14:26:34', '2024-10-15 14:26:54'),
(172, 1, '2024-10-15', 3, 0, '2024-10-15 14:27:26', '2024-10-15 14:27:52'),
(173, 1, '2024-10-15', 3, 0, '2024-10-15 14:37:51', '2024-10-15 14:38:24'),
(174, 1, '2024-10-15', 3, 0, '2024-10-15 14:40:54', '2024-10-15 14:41:15'),
(175, 1, '2024-10-15', 4, 0, '2024-10-15 14:45:39', '2024-10-15 14:46:23'),
(176, 1, '2024-10-15', 3, 0, '2024-10-15 14:55:32', '2024-10-15 14:55:56'),
(177, 1, '2024-10-15', 4, 0, '2024-10-15 15:00:57', '2024-10-15 15:01:31'),
(178, 1, '2024-10-19', 0, 0, '2024-10-19 18:27:05', '2024-10-19 18:27:05'),
(179, 1, '2024-10-19', 0, 0, '2024-10-19 18:27:54', '2024-10-19 18:27:54'),
(180, 1, '2024-10-26', 0, 0, '2024-10-26 14:42:44', '2024-10-26 14:42:44'),
(181, 1, '2024-10-26', 1, 0, '2024-10-26 15:39:00', '2024-10-26 18:00:23'),
(182, 1, '2024-10-26', 0, 0, '2024-10-26 19:12:40', '2024-10-26 19:12:40'),
(183, 1, '2024-10-26', 0, 0, '2024-10-26 19:14:24', '2024-10-26 19:14:24'),
(184, 1, '2024-10-26', 0, 0, '2024-10-26 19:26:43', '2024-10-26 19:26:43'),
(185, 1, '2024-10-26', 2, 0, '2024-10-26 19:43:14', '2024-10-26 19:43:47'),
(186, 1, '2024-10-26', 0, 0, '2024-10-26 19:45:03', '2024-10-26 19:45:03'),
(187, 1, '2024-10-26', 0, 0, '2024-10-26 20:17:50', '2024-10-26 20:17:50'),
(188, 1, '2024-10-26', 1, 0, '2024-10-26 20:22:28', '2024-10-26 20:23:57'),
(189, 1, '2024-10-30', 0, 0, '2024-10-30 12:58:43', '2024-10-30 12:58:43'),
(190, 1, '2024-10-30', 0, 0, '2024-10-30 12:58:50', '2024-10-30 12:58:50'),
(191, 1, '2024-10-30', 0, 0, '2024-10-30 13:01:03', '2024-10-30 13:01:03'),
(192, 1, '2024-10-30', 0, 0, '2024-10-30 13:02:45', '2024-10-30 13:02:45'),
(193, 1, '2024-10-30', 0, 0, '2024-10-30 13:03:23', '2024-10-30 13:03:23'),
(194, 1, '2024-10-30', 0, 0, '2024-10-30 13:54:21', '2024-10-30 13:54:21'),
(196, 1, '2024-10-30', 0, 0, '2024-10-30 13:56:13', '2024-10-30 13:56:13'),
(199, 1, '2024-10-30', 0, 0, '2024-10-30 14:26:23', '2024-10-30 14:26:23'),
(201, 1, '2024-10-30', 1, 0, '2024-10-30 14:43:30', '2024-10-30 14:44:47'),
(203, 1, '2024-10-30', 2, 0, '2024-10-30 15:05:49', '2024-10-30 15:08:19'),
(207, 1, '2024-10-30', 2, 0, '2024-10-30 15:19:03', '2024-10-30 15:19:24'),
(209, 1, '2024-10-30', 2, 0, '2024-10-30 15:24:06', '2024-10-30 15:32:07'),
(212, 1, '2024-10-30', 4, 0, '2024-10-30 16:00:51', '2024-10-30 16:01:39'),
(213, 1, '2024-10-31', 0, 0, '2024-10-31 13:32:41', '2024-10-31 13:32:41'),
(215, 1, '2024-10-31', 2, 0, '2024-10-31 13:38:00', '2024-10-31 13:38:22'),
(217, 1, '2024-10-31', 3, 0, '2024-10-31 16:53:51', '2024-10-31 16:54:24'),
(218, 1, '2024-11-01', 3, 0, '2024-11-01 13:36:15', '2024-11-01 13:37:10'),
(219, 1, '2024-11-01', 2, 0, '2024-11-01 13:39:49', '2024-11-01 13:40:10'),
(220, 1, '2024-11-01', 3, 0, '2024-11-01 13:42:30', '2024-11-01 13:43:08'),
(221, 1, '2024-11-01', 2, 0, '2024-11-01 13:45:08', '2024-11-01 13:45:45'),
(222, 1, '2024-11-01', 2, 0, '2024-11-01 13:49:58', '2024-11-01 16:26:55'),
(223, 1, '2024-11-01', 2, 1, '2024-11-01 16:28:11', '2024-11-03 16:27:14'),
(224, 1, '2024-11-02', 0, 0, '2024-11-02 06:27:49', '2024-11-02 06:27:49'),
(225, 1, '2024-11-02', 0, 0, '2024-11-02 06:37:46', '2024-11-02 06:37:46'),
(226, 1, '2024-11-02', 0, 0, '2024-11-02 06:38:37', '2024-11-02 06:38:37'),
(231, 1, '2024-11-02', 0, 0, '2024-11-02 06:50:25', '2024-11-02 06:50:25'),
(232, 1, '2024-11-02', 0, 0, '2024-11-02 07:32:28', '2024-11-02 07:32:28'),
(233, 1, '2024-11-02', 0, 0, '2024-11-02 07:35:06', '2024-11-02 07:35:06'),
(235, 1, '2024-11-02', 0, 0, '2024-11-02 07:40:58', '2024-11-02 07:40:58'),
(237, 1, '2024-11-02', 4, 2, '2024-11-02 07:49:04', '2024-11-03 15:10:57'),
(239, 1, '2024-11-02', 0, 0, '2024-11-02 13:02:46', '2024-11-02 13:02:46'),
(240, 1, '2024-11-02', 0, 0, '2024-11-02 13:37:14', '2024-11-02 13:37:14'),
(241, 1, '2024-11-02', 3, 2, '2024-11-02 13:37:22', '2024-11-03 15:13:55'),
(242, 1, '2024-11-03', 3, 2, '2024-11-03 15:22:15', '2024-11-03 15:24:06'),
(243, 1, '2024-11-03', 3, 2, '2024-11-03 15:44:45', '2024-11-03 15:46:33'),
(244, 1, '2024-11-03', 4, 2, '2024-11-03 15:49:45', '2024-11-03 15:52:38'),
(245, 1, '2024-11-03', 4, 2, '2024-11-03 16:00:51', '2024-11-03 16:06:19'),
(246, 1, '2024-11-03', 4, 2, '2024-11-03 18:02:38', '2024-11-03 18:05:34'),
(247, 1, '2024-11-05', 0, 0, '2024-11-05 08:41:35', '2024-11-05 08:41:35'),
(248, 1, '2024-11-06', 3, 2, '2024-11-06 12:03:39', '2024-11-06 13:17:45'),
(249, 1, '2024-11-06', 0, 0, '2024-11-06 17:18:22', '2024-11-06 17:18:22'),
(250, 1, '2024-11-06', 3, 2, '2024-11-06 19:31:05', '2024-11-06 19:32:42'),
(251, 1, '2024-11-06', 3, 2, '2024-11-06 19:33:12', '2024-11-06 19:34:37'),
(253, 1, '2024-11-06', 0, 0, '2024-11-06 20:16:47', '2024-11-06 20:16:47'),
(256, 1, '2024-11-07', 2, 1, '2024-11-07 18:14:17', '2024-11-07 18:56:04'),
(257, 1, '2024-11-07', 2, 1, '2024-11-07 18:16:26', '2024-11-07 18:55:21'),
(258, 1, '2024-11-08', 2, 0, '2024-11-08 06:54:46', '2024-11-08 06:55:55'),
(259, 1, '2024-11-08', 2, 0, '2024-11-08 06:57:21', '2024-11-08 06:57:47'),
(262, 1, '2024-11-08', 3, 0, '2024-11-08 09:49:41', '2024-11-08 09:57:47');

-- --------------------------------------------------------

--
-- Table structure for table `penggunaan`
--

CREATE TABLE `penggunaan` (
  `penggunaan_id` int(11) NOT NULL,
  `barang_id` int(11) NOT NULL,
  `user_id` int(11) NOT NULL,
  `jumlah_digunakan` int(11) NOT NULL,
  `catatan` varchar(255) DEFAULT NULL,
  `tanggal_digunakan` date DEFAULT NULL
) ENGINE=InnoDB DEFAULT CHARSET=utf8mb4 COLLATE=utf8mb4_general_ci;

--
-- Dumping data for table `penggunaan`
--

INSERT INTO `penggunaan` (`penggunaan_id`, `barang_id`, `user_id`, `jumlah_digunakan`, `catatan`, `tanggal_digunakan`) VALUES
(5, 3, 3, 4, '4 digunakan', '2024-09-10'),
(6, 1, 6, 6, 'Digunakan untuk jahit', '2024-09-19'),
(7, 3, 5, 4, '4 item Digunakan dari stock', '2024-09-23'),
(8, 3, 1, 4, '4 digunakan', '2024-09-01'),
(9, 25, 2, 5, '5 dipakai produksi', '2024-11-01'),
(10, 4, 2, 2, 'test', '2024-11-16'),
(11, 4, 2, 2, 'test', '2024-11-16'),
(12, 4, 2, 2, 'test', '2024-11-20'),
(13, 1, 2, 2, 'test', '2024-11-20'),
(14, 1, 1, 2, '', '2024-11-06'),
(15, 9, 1, 2, '', '2024-11-06'),
(16, 5, 1, 2, '', '2024-11-06'),
(17, 4, 2, 2, 'test', '2024-11-06'),
(18, 11, 1, 1, '', '2024-11-06'),
(19, 10, 1, 2, '', '2024-11-06'),
(23, 4, 1, 2, 'test', '2024-11-06'),
(24, 11, 1, 2, '', '2024-11-06'),
(25, 1, 3, 3, '', '2024-11-06'),
(26, 11, 1, 2, 'test', '2024-11-07'),
(27, 4, 1, 5, 'test', '2024-11-07'),
(28, 11, 3, 5, '', '2024-11-08'),
(29, 4, 2, 2, 'Diambil 2 untuk produksi kaos kaki', '2024-11-08'),
(30, 11, 3, 2, 'Diambil 2 untuk produksi kaos kaki', '2024-11-08'),
(31, 1, 2, 5, 'Dipakai 5 Benang, buat produksi', '2024-11-08'),
(32, 4, 3, 1, 'dipakai 1 buat buat produksi', '2024-11-08');

-- --------------------------------------------------------

--
-- Table structure for table `pesan_detail`
--

CREATE TABLE `pesan_detail` (
  `pesandetail_id` int(11) NOT NULL,
  `pemesanan_id` int(11) NOT NULL,
  `barang_id` int(11) NOT NULL,
  `qty` float NOT NULL,
  `qty_terima` float DEFAULT NULL,
  `catatan` varchar(255) DEFAULT NULL,
  `langsung_pakai` tinyint(4) NOT NULL DEFAULT 0,
  `is_correct` tinyint(4) NOT NULL DEFAULT 0,
  `created_at` timestamp NULL DEFAULT NULL,
  `update_at` timestamp NULL DEFAULT NULL
) ENGINE=InnoDB DEFAULT CHARSET=utf8mb4 COLLATE=utf8mb4_general_ci;

--
-- Dumping data for table `pesan_detail`
--

INSERT INTO `pesan_detail` (`pesandetail_id`, `pemesanan_id`, `barang_id`, `qty`, `qty_terima`, `catatan`, `langsung_pakai`, `is_correct`, `created_at`, `update_at`) VALUES
(17, 71, 9, 5, 5, 'test', 1, 1, '2024-09-23 17:17:21', '2024-10-11 14:44:28'),
(18, 72, 9, 4, 4, '', 1, 1, '2024-09-23 17:18:39', '2024-10-11 14:45:39'),
(19, 73, 4, 5, 0, '', 1, 0, '2024-09-23 17:22:06', '2024-09-23 17:22:06'),
(20, 74, 9, 5, 5, '', 1, 1, '2024-09-23 17:30:02', '2024-10-11 14:46:36'),
(21, 75, 11, 5, 5, 'barang lengkap', 1, 1, '2024-09-23 17:32:07', '2024-10-11 14:53:41'),
(22, 76, 10, 5, 0, '', 1, 0, '2024-09-23 17:33:19', '2024-09-23 17:33:19'),
(23, 77, 11, 5, 0, '', 1, 0, '2024-09-23 17:36:01', '2024-09-23 17:36:01'),
(24, 78, 9, 4, 0, '', 1, 0, '2024-09-23 17:36:23', '2024-09-23 17:36:23'),
(25, 79, 4, 5, 1, 'Pesan', 1, 0, '2024-09-23 17:47:19', '2024-09-23 17:47:19'),
(26, 80, 9, 5, 0, 'Pesan', 1, 0, '2024-09-23 17:56:15', '2024-09-23 17:56:15'),
(27, 81, 9, 5, 1, '', 1, 0, '2024-09-23 18:05:33', '2024-09-23 18:05:33'),
(28, 81, 9, 5, 1, '', 1, 0, '2024-09-23 18:06:40', '2024-09-23 18:06:40'),
(29, 82, 4, 5, 0, '', 1, 0, '2024-09-23 18:12:02', '2024-09-23 18:12:02'),
(30, 83, 4, 5, 5, 'Proses Pemesanan', 1, 1, '2024-09-23 18:53:06', '2024-10-06 13:10:53'),
(31, 83, 4, 5, 5, 'Proses Pemesanan', 1, 1, '2024-09-23 18:54:46', '2024-10-06 13:10:53'),
(32, 84, 9, 5, 5, 'Pesan', 0, 1, '2024-09-23 19:05:01', '2024-10-15 15:50:41'),
(33, 85, 1, 5, 0, '', 1, 0, '2024-09-24 16:51:47', '2024-09-24 16:51:47'),
(34, 98, 14, 5, 0, 'test', 1, 1, '2024-09-24 19:31:35', '2024-09-24 19:31:35'),
(35, 99, 14, 5, 0, 'test', 1, 1, '2024-09-24 19:32:21', '2024-09-24 19:32:21'),
(36, 100, 4, 15, 1, '', 1, 1, '2024-09-24 19:46:10', '2024-09-24 19:46:10'),
(37, 102, 9, 123, 1, '', 1, 0, '2024-09-24 19:48:35', '2024-09-24 19:48:35'),
(38, 103, 9, 123, 123, '123', 0, 1, '2024-09-24 19:53:41', '2024-10-15 15:54:26'),
(39, 106, 14, 5, 5, 'test', 0, 1, '2024-09-24 20:07:23', '2024-10-15 16:29:10'),
(40, 113, 1, 5, 0, 'test', 1, 1, '2024-09-29 16:59:23', '2024-09-29 16:59:23'),
(41, 116, 9, 5, 0, 'test', 1, 1, '2024-09-29 18:19:55', '2024-09-29 18:19:55'),
(42, 116, 3, 6, 1, 'agg', 1, 1, '2024-09-29 18:19:55', '2024-09-29 18:19:55'),
(43, 117, 9, 5, 0, 'test', 1, 1, '2024-09-29 18:27:12', '2024-09-29 18:27:12'),
(44, 117, 3, 5, 0, 'testtt', 1, 1, '2024-09-29 18:27:12', '2024-09-29 18:27:12'),
(45, 119, 14, 5, 0, 'test', 1, 0, '2024-10-01 17:42:35', '2024-10-01 17:42:35'),
(46, 119, 3, 15, 0, '', 0, 0, '2024-10-01 17:42:35', '2024-10-01 17:42:35'),
(47, 120, 4, 5, 5, 'test', 1, 1, '2024-10-01 18:09:12', '2024-10-15 16:36:22'),
(48, 120, 3, 5, 0, '', 0, 0, '2024-10-01 18:09:12', '2024-10-01 18:09:12'),
(49, 120, 10, 7, 0, '', 0, 0, '2024-10-01 18:09:12', '2024-10-01 18:09:12'),
(50, 121, 14, 5, 0, '', 0, 0, '2024-10-01 18:12:59', '2024-10-01 18:12:59'),
(51, 121, 3, 5, 0, '', 0, 0, '2024-10-01 18:12:59', '2024-10-01 18:12:59'),
(52, 121, 9, 7, 0, '', 0, 0, '2024-10-01 18:12:59', '2024-10-01 18:12:59'),
(53, 122, 9, 5, 0, '', 0, 0, '2024-10-01 18:26:13', '2024-10-01 18:26:13'),
(54, 122, 3, 7, 0, '', 1, 0, '2024-10-01 18:26:13', '2024-10-01 18:26:13'),
(55, 122, 10, 5, 0, '', 0, 1, '2024-10-01 18:26:13', '2024-10-01 18:26:13'),
(56, 123, 14, 5, 0, '', 1, 0, '2024-10-01 18:30:59', '2024-10-01 18:30:59'),
(57, 123, 3, 6, 0, '', 0, 0, '2024-10-01 18:30:59', '2024-10-01 18:30:59'),
(58, 124, 14, 5, 0, 'test', 0, 0, '2024-10-01 18:35:28', '2024-10-01 18:35:28'),
(59, 124, 3, 5, 0, 'testtt', 1, 0, '2024-10-01 18:35:28', '2024-10-01 18:35:28'),
(60, 124, 9, 5, 0, '', 0, 0, '2024-10-01 18:35:28', '2024-10-01 18:35:28'),
(61, 125, 9, 5, 0, 'test', 0, 0, '2024-10-01 18:40:35', '2024-10-01 18:40:35'),
(62, 125, 3, 7, 0, 'ok', 0, 0, '2024-10-01 18:40:35', '2024-10-01 18:40:35'),
(63, 125, 10, 7, 0, 'yahhh', 1, 0, '2024-10-01 18:40:35', '2024-10-01 18:40:35'),
(64, 126, 14, 5, 0, 'test', 0, 0, '2024-10-01 18:43:34', '2024-10-01 18:43:34'),
(65, 127, 4, 5, 0, '', 1, 0, '2024-10-01 18:49:18', '2024-10-01 18:49:18'),
(66, 127, 9, 8, 0, 'ok', 0, 0, '2024-10-01 18:49:18', '2024-10-01 18:49:18'),
(67, 127, 11, 9, 9, '', 1, 1, '2024-10-01 18:49:18', '2024-10-11 14:54:23'),
(68, 128, 9, 5, 0, 'test', 1, 0, '2024-10-01 18:49:43', '2024-10-01 18:49:43'),
(69, 131, 1, 5, 0, 'test', 1, 0, '2024-10-04 11:54:29', '2024-10-04 11:54:29'),
(70, 131, 3, 5, 0, 'ok', 0, 0, '2024-10-04 11:54:29', '2024-10-04 11:54:29'),
(71, 131, 9, 7, 0, 'yahhh', 1, 0, '2024-10-04 11:54:29', '2024-10-04 11:54:29'),
(72, 133, 14, 5, 0, 'test', 1, 0, '2024-10-04 12:24:05', '2024-10-04 12:24:05'),
(73, 133, 14, 6, 0, 'ok', 0, 0, '2024-10-04 12:24:05', '2024-10-04 12:24:05'),
(74, 133, 9, 12, 0, 'yahhh', 1, 0, '2024-10-04 12:24:05', '2024-10-04 12:24:05'),
(75, 133, 14, 5, 0, 'test', 1, 0, '2024-10-04 12:39:18', '2024-10-04 12:39:18'),
(76, 133, 14, 5, 0, 'test', 1, 0, '2024-10-04 12:39:43', '2024-10-04 12:39:43'),
(77, 133, 14, 5, 0, 'test', 1, 0, '2024-10-04 12:40:38', '2024-10-04 12:40:38'),
(78, 133, 14, 5, 0, 'test', 1, 0, '2024-10-04 12:40:43', '2024-10-04 12:40:43'),
(79, 133, 14, 5, 0, 'test', 0, 0, '2024-10-04 12:43:20', '2024-10-04 12:43:20'),
(80, 134, 14, 5, 5, 'test', 1, 1, '2024-10-04 12:53:32', '2024-10-06 07:44:44'),
(81, 134, 3, 10, 0, 'agg', 0, 0, '2024-10-04 12:53:32', '2024-10-04 12:53:32'),
(82, 134, 14, 5, 0, 'test', 1, 0, '2024-10-04 12:56:41', '2024-10-04 12:56:41'),
(83, 140, 9, 5, 0, 'test', 1, 0, '2024-10-05 14:57:26', '2024-10-05 14:57:26'),
(84, 140, 14, 6, 3, '', 0, 0, '2024-10-05 14:57:26', '2024-10-15 16:30:52'),
(85, 140, 10, 6, 0, 'yahhh', 1, 0, '2024-10-05 14:57:26', '2024-10-05 14:57:26'),
(86, 151, 9, 5, 0, '', 0, 0, '2024-10-06 07:05:32', '2024-10-06 07:05:32'),
(87, 153, 14, 5, 0, '', 1, 0, '2024-10-06 07:08:30', '2024-10-06 07:08:30'),
(88, 153, 14, 5, 5, 'Barang sudah dateng semua', 1, 1, '2024-10-06 07:21:37', '2024-10-06 07:21:37'),
(89, 151, 9, 5, 5, 'Barang sudah dateng semua', 0, 1, '2024-10-06 07:22:37', '2024-10-06 07:22:37'),
(90, 153, 14, 5, 5, 'Barang sudah dateng semua', 1, 1, '2024-10-06 07:28:24', '2024-10-06 07:28:24'),
(91, 140, 9, 5, 5, 'test', 1, 1, '2024-10-06 07:28:54', '2024-10-06 07:28:54'),
(92, 134, 3, 10, 10, 'agg', 0, 1, '2024-10-06 07:32:07', '2024-10-06 07:32:07'),
(93, 154, 14, 5, 0, 'test', 1, 0, '2024-10-06 07:51:38', '2024-10-06 07:51:38'),
(94, 154, 5, 15, 15, '', 0, 1, '2024-10-06 07:51:38', '2024-10-06 07:52:33'),
(95, 154, 13, 4, 4, '', 1, 1, '2024-10-06 07:51:38', '2024-10-06 07:57:43'),
(96, 155, 9, 5, 5, 'test', 0, 1, '2024-10-06 13:12:35', '2024-10-06 13:14:11'),
(97, 155, 11, 15, 15, 'testtt', 1, 1, '2024-10-06 13:12:35', '2024-10-11 14:40:11'),
(98, 155, 5, 17, 17, 'yahhh', 0, 1, '2024-10-06 13:12:35', '2024-10-06 13:14:11'),
(99, 159, 11, 5, 5, 'testtt', 0, 1, '2024-10-06 19:37:29', '2024-10-11 13:22:12'),
(100, 159, 5, 5, 0, '', 0, 0, '2024-10-06 19:37:29', '2024-10-06 19:37:29'),
(101, 159, 13, 5, 0, 'yahhh', 1, 0, '2024-10-06 19:37:29', '2024-10-06 19:37:29'),
(102, 160, 4, 5, 0, 'test', 0, 0, '2024-10-06 19:45:50', '2024-10-06 19:45:50'),
(103, 160, 5, 15, 0, 'coba aja', 1, 0, '2024-10-06 19:45:50', '2024-10-06 19:45:50'),
(104, 161, 1, 5, 0, 'test', 0, 0, '2024-10-06 19:48:38', '2024-10-06 19:48:38'),
(105, 161, 4, 12, 12, '', 1, 0, '2024-10-06 19:48:38', '2024-10-15 16:36:59'),
(106, 161, 11, 17, 0, '', 0, 0, '2024-10-06 19:48:38', '2024-10-06 19:48:38'),
(107, 161, 9, 26, 0, '', 0, 0, '2024-10-06 19:48:38', '2024-10-06 19:48:38'),
(108, 161, 10, 10, 0, '', 1, 0, '2024-10-06 19:48:38', '2024-10-06 19:48:38'),
(109, 162, 11, 5, 0, '', 1, 0, '2024-10-08 06:46:07', '2024-10-08 06:46:07'),
(110, 162, 9, 12, 0, 'testtt', 0, 0, '2024-10-08 06:46:07', '2024-10-08 06:46:07'),
(111, 162, 5, 14, 0, 'yahhh', 1, 0, '2024-10-08 06:46:07', '2024-10-08 06:46:07'),
(112, 163, 1, 5, 5, 'test', 0, 1, '2024-10-08 13:00:00', '2024-10-11 14:24:34'),
(113, 163, 3, 12, 12, 'agg', 0, 1, '2024-10-08 13:00:00', '2024-10-11 13:19:54'),
(114, 167, 4, 14, 14, 'test', 1, 1, '2024-10-11 13:07:56', '2024-10-11 13:19:13'),
(118, 168, 1, 5, 0, '', 1, 0, '2024-10-15 13:23:57', '2024-10-15 13:23:57'),
(119, 169, 10, 12, 0, '', 0, 0, '2024-10-15 13:24:54', '2024-10-15 13:24:54'),
(120, 169, 4, 12, 0, '', 0, 0, '2024-10-15 13:24:54', '2024-10-15 13:24:54'),
(121, 169, 1, 12, 0, '', 1, 0, '2024-10-15 13:24:54', '2024-10-15 13:24:54'),
(123, 171, 4, 5, 0, '', 1, 0, '2024-10-15 14:26:54', '2024-10-15 14:26:54'),
(124, 171, 11, 12, 0, '', 0, 0, '2024-10-15 14:26:54', '2024-10-15 14:26:54'),
(125, 172, 4, 14, 0, '', 1, 0, '2024-10-15 14:27:52', '2024-10-15 14:27:52'),
(126, 172, 11, 15, 0, '', 0, 0, '2024-10-15 14:27:52', '2024-10-15 14:27:52'),
(127, 172, 1, 15, 0, '', 1, 0, '2024-10-15 14:27:52', '2024-10-15 14:27:52'),
(128, 173, 4, 12, 0, '', 1, 0, '2024-10-15 14:38:24', '2024-10-15 14:38:24'),
(129, 173, 11, 16, 0, '', 0, 0, '2024-10-15 14:38:24', '2024-10-15 14:38:24'),
(130, 173, 1, 15, 0, '', 1, 0, '2024-10-15 14:38:24', '2024-10-15 14:38:24'),
(131, 174, 4, 12, 0, '', 1, 0, '2024-10-15 14:41:15', '2024-10-15 14:41:15'),
(132, 174, 11, 14, 0, '', 0, 0, '2024-10-15 14:41:15', '2024-10-15 14:41:15'),
(133, 174, 1, 15, 0, '', 1, 0, '2024-10-15 14:41:15', '2024-10-15 14:41:15'),
(134, 175, 4, 15, 0, 'test', 1, 0, '2024-10-15 14:46:23', '2024-10-15 14:46:23'),
(135, 175, 11, 16, 0, 'ok', 1, 0, '2024-10-15 14:46:23', '2024-10-15 14:46:23'),
(136, 175, 1, 17, 0, '', 0, 0, '2024-10-15 14:46:23', '2024-10-15 14:46:23'),
(137, 175, 9, 17, 0, '', 0, 0, '2024-10-15 14:46:23', '2024-10-15 14:46:23'),
(138, 176, 4, 15, 0, 'test', 1, 0, '2024-10-15 14:55:56', '2024-10-15 14:55:56'),
(139, 176, 11, 14, 0, '', 0, 0, '2024-10-15 14:55:56', '2024-10-15 14:55:56'),
(140, 176, 1, 16, 0, '', 0, 0, '2024-10-15 14:55:56', '2024-10-15 14:55:56'),
(141, 177, 4, 12, 0, '', 1, 0, '2024-10-15 15:01:31', '2024-10-15 15:01:31'),
(142, 177, 11, 17, 0, '', 0, 0, '2024-10-15 15:01:31', '2024-10-15 15:01:31'),
(143, 177, 1, 19, 0, '', 0, 0, '2024-10-15 15:01:31', '2024-10-15 15:01:31'),
(144, 177, 9, 19, 0, '', 1, 0, '2024-10-15 15:01:31', '2024-10-15 15:01:31'),
(145, 181, 1, 5, 0, 'test', 1, 0, '2024-10-26 18:00:23', '2024-10-26 18:00:23'),
(146, 185, 1, 12, 0, 'test', 1, 0, '2024-10-26 19:43:47', '2024-10-26 19:43:47'),
(147, 185, 4, 12, 0, '', 0, 0, '2024-10-26 19:43:47', '2024-10-26 19:43:47'),
(148, 188, 9, 12, 0, '', 1, 0, '2024-10-26 20:23:57', '2024-10-26 20:23:57'),
(149, 201, 1, 5, 0, 'test', 1, 0, '2024-10-30 14:44:47', '2024-10-30 14:44:47'),
(150, 203, 10, 5, 0, 'test', 1, 0, '2024-10-30 15:08:19', '2024-10-30 15:08:19'),
(151, 203, 3, 15, 6, 'ok', 1, 0, '2024-10-30 15:08:19', '2024-10-30 15:08:19'),
(152, 207, 4, 5, 0, 'test', 0, 0, '2024-10-30 15:19:24', '2024-10-30 15:19:24'),
(153, 207, 3, 15, 0, 'agg', 0, 0, '2024-10-30 15:19:24', '2024-10-30 15:19:24'),
(154, 209, 3, 12, 5, 'test', 0, 0, '2024-10-30 15:32:07', '2024-10-30 15:32:07'),
(155, 209, 9, 15, 6, 'ok', 0, 0, '2024-10-30 15:32:07', '2024-10-30 15:32:07'),
(156, 212, 9, 12, 0, 'test', 1, 0, '2024-10-30 16:01:39', '2024-10-30 16:01:39'),
(157, 212, 4, 15, 0, 'ok', 0, 0, '2024-10-30 16:01:39', '2024-10-30 16:01:39'),
(158, 212, 3, 20, 0, 'yahhh', 1, 0, '2024-10-30 16:01:39', '2024-10-30 16:01:39'),
(159, 212, 10, 20, 0, '123', 0, 0, '2024-10-30 16:01:39', '2024-10-30 16:01:39'),
(160, 215, 4, 14, 0, 'test', 1, 0, '2024-10-31 13:38:22', '2024-10-31 13:38:22'),
(161, 215, 9, 15, 0, 'agg', 1, 0, '2024-10-31 13:38:22', '2024-10-31 13:38:22'),
(162, 217, 9, 12, 0, 'test', 1, 0, '2024-10-31 16:54:24', '2024-10-31 16:54:24'),
(163, 217, 10, 16, 0, 'agg', 0, 0, '2024-10-31 16:54:24', '2024-10-31 16:54:24'),
(164, 217, 1, 14, 0, 'yahhh', 1, 0, '2024-10-31 16:54:24', '2024-10-31 16:54:24'),
(165, 218, 9, 12, 0, 'test', 1, 0, '2024-11-01 13:37:10', '2024-11-01 13:37:10'),
(166, 218, 4, 15, 0, '', 0, 0, '2024-11-01 13:37:10', '2024-11-01 13:37:10'),
(167, 218, 11, 20, 0, 'yahhh', 1, 0, '2024-11-01 13:37:10', '2024-11-01 13:37:10'),
(168, 219, 4, 12, 0, 'test', 0, 0, '2024-11-01 13:40:10', '2024-11-01 13:40:10'),
(169, 219, 14, 16, 0, 'ok', 1, 0, '2024-11-01 13:40:10', '2024-11-01 13:40:10'),
(170, 220, 4, 5, 0, '', 1, 0, '2024-11-01 13:43:08', '2024-11-01 13:43:08'),
(171, 220, 5, 16, 0, 'coba aja', 0, 0, '2024-11-01 13:43:08', '2024-11-01 13:43:08'),
(172, 220, 11, 14, 0, '', 1, 0, '2024-11-01 13:43:08', '2024-11-01 13:43:08'),
(173, 221, 10, 12, 0, 'test', 0, 0, '2024-11-01 13:45:45', '2024-11-01 13:45:45'),
(174, 221, 14, 16, 0, 'agg', 1, 0, '2024-11-01 13:45:45', '2024-11-01 13:45:45'),
(187, 222, 3, 20, 0, 'yahhh', 0, 0, '2024-11-01 16:17:49', '2024-11-01 16:26:55'),
(191, 222, 11, 25, 0, 'teq', 1, 0, '2024-11-01 16:20:05', '2024-11-01 16:26:55'),
(193, 223, 9, 5, 5, 'test', 1, 1, '2024-11-01 16:28:35', '2024-11-03 16:27:14'),
(194, 223, 5, 15, 15, 'ok', 0, 1, '2024-11-01 16:28:35', '2024-11-03 16:27:14'),
(195, 237, 9, 5, 5, 'Lengkap', 0, 1, '2024-11-02 07:49:24', '2024-11-03 15:10:52'),
(196, 237, 10, 15, 15, 'Lengkap', 1, 1, '2024-11-02 07:49:24', '2024-11-03 15:10:52'),
(197, 237, 9, 20, 20, 'Lengkap', 0, 1, '2024-11-02 09:32:39', '2024-11-03 15:10:52'),
(198, 237, 5, 15, 15, 'Lengkap', 1, 1, '2024-11-02 09:32:39', '2024-11-03 15:10:52'),
(199, 241, 1, 5, 5, 'Barang Lengkap', 1, 1, '2024-11-02 13:52:59', '2024-11-03 15:13:50'),
(200, 241, 5, 16, 16, 'Barang Lengkap', 0, 1, '2024-11-02 13:52:59', '2024-11-03 15:13:50'),
(201, 241, 11, 20, 20, 'Barang Lengkap', 1, 1, '2024-11-02 13:52:59', '2024-11-03 15:13:50'),
(202, 242, 11, 5, 5, '', 1, 1, '2024-11-03 15:23:14', '2024-11-03 15:24:03'),
(203, 242, 14, 15, 15, '', 0, 1, '2024-11-03 15:23:14', '2024-11-03 15:24:03'),
(204, 242, 3, 20, 20, '', 1, 1, '2024-11-03 15:23:14', '2024-11-03 15:24:03'),
(205, 243, 10, 12, 12, 'test', 1, 1, '2024-11-03 15:45:35', '2024-11-03 15:46:22'),
(206, 243, 14, 15, 15, 'ok', 0, 1, '2024-11-03 15:45:35', '2024-11-03 15:46:22'),
(207, 243, 4, 20, 20, 'yahhh', 1, 1, '2024-11-03 15:45:35', '2024-11-03 15:46:22'),
(208, 244, 10, 5, 5, '', 0, 1, '2024-11-03 15:52:01', '2024-11-03 15:52:36'),
(209, 244, 11, 15, 15, '', 0, 1, '2024-11-03 15:52:01', '2024-11-03 15:52:36'),
(210, 244, 1, 20, 20, '', 1, 1, '2024-11-03 15:52:01', '2024-11-03 15:52:36'),
(211, 244, 9, 20, 20, '', 1, 1, '2024-11-03 15:52:01', '2024-11-03 15:52:36'),
(212, 245, 11, 15, 15, '', 1, 1, '2024-11-03 16:05:13', '2024-11-03 16:06:16'),
(213, 245, 10, 15, 15, '', 1, 1, '2024-11-03 16:05:13', '2024-11-03 16:06:16'),
(214, 245, 14, 5, 5, '', 0, 1, '2024-11-03 16:05:13', '2024-11-03 16:06:16'),
(215, 245, 12, 1, 1, '', 0, 1, '2024-11-03 16:05:13', '2024-11-03 16:06:16'),
(216, 246, 10, 5, 5, 'test', 1, 1, '2024-11-03 18:03:13', '2024-11-03 18:05:21'),
(217, 246, 4, 15, 5, 'ok', 0, 1, '2024-11-03 18:03:13', '2024-11-03 18:05:21'),
(218, 246, 5, 20, 20, 'yahhh', 1, 1, '2024-11-03 18:03:13', '2024-11-03 18:05:21'),
(219, 246, 3, 20, 20, '123', 1, 1, '2024-11-03 18:04:29', '2024-11-03 18:05:21'),
(220, 248, 1, 12, 12, 'test', 1, 1, '2024-11-06 12:11:16', '2024-11-06 12:17:50'),
(221, 248, 11, 30, 30, 'ok', 0, 1, '2024-11-06 12:11:16', '2024-11-06 12:17:50'),
(222, 248, 25, 20, 20, 'yahhh', 1, 1, '2024-11-06 12:11:16', '2024-11-06 12:17:50'),
(223, 250, 1, 5, 5, 'test', 1, 1, '2024-11-06 19:31:44', '2024-11-06 19:32:40'),
(224, 250, 11, 15, 15, '', 0, 1, '2024-11-06 19:31:44', '2024-11-06 19:32:40'),
(225, 250, 4, 20, 20, '', 1, 1, '2024-11-06 19:31:44', '2024-11-06 19:32:40'),
(226, 251, 4, 14, 14, '', 0, 1, '2024-11-06 19:33:53', '2024-11-06 19:34:34'),
(227, 251, 11, 15, 15, '', 1, 1, '2024-11-06 19:33:53', '2024-11-06 19:34:34'),
(228, 251, 1, 20, 20, '', 0, 1, '2024-11-06 19:33:53', '2024-11-06 19:34:34'),
(229, 256, 11, 12, 0, 'test', 1, 0, '2024-11-07 18:16:05', '2024-11-07 18:16:05'),
(230, 256, 25, 15, 0, 'ok', 0, 0, '2024-11-07 18:16:05', '2024-11-07 18:16:05'),
(231, 257, 24, 12, 0, '', 1, 0, '2024-11-07 18:16:57', '2024-11-07 18:16:57'),
(232, 257, 25, 15, 0, '', 0, 0, '2024-11-07 18:16:57', '2024-11-07 18:16:57'),
(233, 258, 4, 12, 0, '', 1, 0, '2024-11-08 06:55:55', '2024-11-08 06:55:55'),
(234, 258, 9, 12, 0, '', 0, 0, '2024-11-08 06:55:55', '2024-11-08 06:55:55'),
(235, 259, 11, 12, 0, '', 1, 0, '2024-11-08 06:57:47', '2024-11-08 06:57:47'),
(236, 259, 14, 15, 0, '', 0, 0, '2024-11-08 06:57:47', '2024-11-08 06:57:47'),
(237, 262, 9, 5, 0, '', 1, 0, '2024-11-08 09:57:47', '2024-11-08 09:57:47'),
(238, 262, 1, 15, 0, '', 0, 0, '2024-11-08 09:57:47', '2024-11-08 09:57:47'),
(239, 262, 11, 20, 0, '', 1, 0, '2024-11-08 09:57:47', '2024-11-08 09:57:47');

-- --------------------------------------------------------

--
-- Table structure for table `report`
--

CREATE TABLE `report` (
  `report_id` int(11) NOT NULL
) ENGINE=InnoDB DEFAULT CHARSET=utf8mb4 COLLATE=utf8mb4_general_ci;

-- --------------------------------------------------------

--
-- Table structure for table `role`
--

CREATE TABLE `role` (
  `id_role` int(11) NOT NULL,
  `nama` varchar(200) NOT NULL
) ENGINE=InnoDB DEFAULT CHARSET=utf8mb4 COLLATE=utf8mb4_general_ci;

--
-- Dumping data for table `role`
--

INSERT INTO `role` (`id_role`, `nama`) VALUES
(1, 'Super Admin'),
(2, 'Admin'),
(3, 'Operator');

-- --------------------------------------------------------

--
-- Table structure for table `shift`
--

CREATE TABLE `shift` (
  `shift_id` int(11) NOT NULL,
  `tanggal` date NOT NULL,
  `user_id` int(11) NOT NULL,
  `shift` enum('1','2') NOT NULL,
  `waktu_kerja` decimal(4,2) NOT NULL,
  `nama_operator` varchar(200) NOT NULL,
  `mulai_istirahat` time NOT NULL,
  `selesai_istirahat` time NOT NULL,
  `kendala` text NOT NULL DEFAULT 'Tidak Ada',
  `ganti_benang` int(11) DEFAULT NULL,
  `ganti_kain` int(11) DEFAULT NULL
) ENGINE=InnoDB DEFAULT CHARSET=utf8mb4 COLLATE=utf8mb4_general_ci;

--
-- Dumping data for table `shift`
--

INSERT INTO `shift` (`shift_id`, `tanggal`, `user_id`, `shift`, `waktu_kerja`, `nama_operator`, `mulai_istirahat`, `selesai_istirahat`, `kendala`, `ganti_benang`, `ganti_kain`) VALUES
(38, '2024-12-10', 1, '1', 1.00, 'Dani', '12:00:00', '13:00:00', 'Tidak Ada', 12, 1),
(39, '2024-12-11', 1, '1', 0.33, 'Yani', '12:00:00', '13:00:00', 'Tidak Ada', 2, 4),
(40, '2025-01-08', 1, '1', 1.00, 'Dani', '12:00:00', '13:00:00', 'Tidak Ada', NULL, NULL);

-- --------------------------------------------------------

--
-- Table structure for table `stock`
--

CREATE TABLE `stock` (
  `stock_id` int(11) NOT NULL,
  `tambah_stock` date NOT NULL,
  `barang_id` int(11) NOT NULL,
  `user_id` int(11) NOT NULL,
  `quantity_awal` float NOT NULL,
  `quantity_masuk` float NOT NULL,
  `quantity_keluar` float NOT NULL,
  `quantity_akhir` float NOT NULL,
  `created_at` timestamp NULL DEFAULT NULL,
  `updated_at` timestamp NULL DEFAULT NULL
) ENGINE=InnoDB DEFAULT CHARSET=utf8mb4 COLLATE=utf8mb4_general_ci;

--
-- Dumping data for table `stock`
--

INSERT INTO `stock` (`stock_id`, `tambah_stock`, `barang_id`, `user_id`, `quantity_awal`, `quantity_masuk`, `quantity_keluar`, `quantity_akhir`, `created_at`, `updated_at`) VALUES
(68, '2024-11-06', 1, 1, 0, 5, 0, 5, '2024-11-06 19:32:42', '2024-11-06 19:32:42'),
(69, '2024-11-06', 4, 1, 0, 20, 0, 20, '2024-11-06 19:32:42', '2024-11-06 19:32:42'),
(70, '2024-11-06', 11, 1, 0, 15, 0, 15, '2024-11-06 19:34:37', '2024-11-06 19:34:37'),
(71, '2024-11-07', 11, 1, 15, 2, 0, 17, '2024-11-07 16:10:01', '2024-11-07 16:10:01'),
(72, '2024-11-07', 1, 1, 5, 0, 2, 3, '2024-11-07 16:40:53', '2024-11-07 16:40:53'),
(73, '2024-11-07', 4, 3, 20, 0, 5, 15, '2024-11-07 16:41:32', '2024-11-07 16:41:32'),
(74, '2024-11-07', 1, 2, 3, 0, 1, 2, '2024-11-07 16:42:26', '2024-11-07 16:42:26'),
(75, '2024-11-07', 4, 2, 15, 0, 2, 13, '2024-11-07 16:57:33', '2024-11-07 16:57:33'),
(76, '2024-11-07', 4, 1, 13, 5, 0, 18, '2024-11-07 17:07:20', '2024-11-07 17:07:20'),
(77, '2024-11-07', 4, 3, 18, 0, 5, 13, '2024-11-07 17:45:21', '2024-11-07 17:45:21'),
(79, '2024-11-07', 1, 2, 2, 0, 1, 1, '2024-11-07 17:58:42', '2024-11-07 17:58:42'),
(80, '2024-11-07', 4, 3, 13, 0, 5, 8, '2024-11-07 17:58:42', '2024-11-07 17:58:42'),
(81, '2024-11-07', 11, 1, 17, 0, 5, 12, '2024-11-07 17:58:42', '2024-11-07 17:58:42'),
(82, '2024-11-07', 11, 2, 12, 0, 1, 11, '2024-11-07 19:03:21', '2024-11-07 19:03:21'),
(83, '2024-11-07', 4, 1, 8, 0, 1, 7, '2024-11-07 19:03:21', '2024-11-07 19:03:21'),
(84, '2024-11-08', 11, 3, 11, 0, 2, 9, '2024-11-08 10:24:18', '2024-11-08 10:24:18'),
(85, '2024-11-08', 11, 3, 9, 5, 0, 14, '2024-11-08 11:11:51', '2024-11-08 11:11:51'),
(86, '2024-11-08', 4, 2, 7, 2, 0, 9, '2024-11-08 11:15:13', '2024-11-08 11:15:13'),
(87, '2024-11-08', 11, 3, 14, 2, 0, 16, '2024-11-08 11:15:13', '2024-11-08 11:15:13'),
(88, '2024-11-08', 1, 2, 1, 5, 0, 6, '2024-11-08 11:18:52', '2024-11-08 11:18:52'),
(89, '2024-11-08', 4, 3, 9, 1, 0, 10, '2024-11-08 11:18:52', '2024-11-08 11:18:52');

-- --------------------------------------------------------

--
-- Table structure for table `supplier`
--

CREATE TABLE `supplier` (
  `supplier_id` int(11) NOT NULL,
  `nama` varchar(200) NOT NULL,
  `notelfon` varchar(200) NOT NULL,
  `alamat` varchar(200) NOT NULL,
  `kota` varchar(200) NOT NULL,
  `kodepos` int(11) NOT NULL
) ENGINE=InnoDB DEFAULT CHARSET=utf8mb4 COLLATE=utf8mb4_general_ci;

--
-- Dumping data for table `supplier`
--

INSERT INTO `supplier` (`supplier_id`, `nama`, `notelfon`, `alamat`, `kota`, `kodepos`) VALUES
(1, 'Toko Sumber Jaya', '081252807753', 'Jalan Jaya no 15', 'Surabaya', 22134),
(2, 'Toko Abadi', '082122224532', 'Jalan Mawar  1/11', 'Jakarta', 60113),
(3, 'Toko Bahagia Kasih', '098741365897', 'Jl. Krembangan 123', 'Surabaya', 94123);

-- --------------------------------------------------------

--
-- Table structure for table `unit`
--

CREATE TABLE `unit` (
  `unit_id` int(11) NOT NULL,
  `satuan` varchar(11) NOT NULL
) ENGINE=InnoDB DEFAULT CHARSET=utf8mb4 COLLATE=utf8mb4_general_ci;

--
-- Dumping data for table `unit`
--

INSERT INTO `unit` (`unit_id`, `satuan`) VALUES
(1, 'Meter'),
(5, 'Kilo'),
(6, 'Centimeter'),
(7, 'Yard'),
(8, 'Gulung'),
(9, 'Unit');

-- --------------------------------------------------------

--
-- Table structure for table `user`
--

CREATE TABLE `user` (
  `user_id` int(11) NOT NULL,
  `id_role` int(11) NOT NULL,
  `nama_pengguna` varchar(200) NOT NULL,
  `email` varchar(200) NOT NULL,
  `kata_sandi` varchar(200) NOT NULL,
  `dibuat_pada` datetime NOT NULL DEFAULT current_timestamp(),
  `diperbarui_pada` datetime DEFAULT NULL
) ENGINE=InnoDB DEFAULT CHARSET=utf8mb4 COLLATE=utf8mb4_general_ci;

--
-- Dumping data for table `user`
--

INSERT INTO `user` (`user_id`, `id_role`, `nama_pengguna`, `email`, `kata_sandi`, `dibuat_pada`, `diperbarui_pada`) VALUES
(1, 1, 'user1', 'user1@gmail.com', '123', '2024-08-04 14:59:38', '2024-08-04 14:59:38'),
(2, 2, 'Jojo', 'jojo@gmail.com', '123', '2024-08-13 09:40:30', '2024-08-13 09:40:30'),
(3, 3, 'Berttt', 'bert@gmail.com', '123', '2024-08-13 09:40:58', '2024-08-13 12:47:34'),
(5, 1, 'Felix', 'felix@gmail.com', '123', '2024-08-27 03:00:27', '2024-08-27 03:03:10'),
(6, 1, 'Christina', 'christina@gmail.com', '123', '2024-09-05 21:23:17', '2024-09-05 21:23:17');

--
-- Indexes for dumped tables
--

--
-- Indexes for table `barang`
--
ALTER TABLE `barang`
  ADD PRIMARY KEY (`barang_id`),
  ADD KEY `unit_id` (`unit_id`);

--
-- Indexes for table `barangproduksi`
--
ALTER TABLE `barangproduksi`
  ADD PRIMARY KEY (`barang_id`);

--
-- Indexes for table `gudang`
--
ALTER TABLE `gudang`
  ADD PRIMARY KEY (`id_gudang`),
  ADD KEY `barang_id` (`barang_id`),
  ADD KEY `user_id` (`user_id`);

--
-- Indexes for table `jenis`
--
ALTER TABLE `jenis`
  ADD PRIMARY KEY (`id`);

--
-- Indexes for table `laporanproduksi`
--
ALTER TABLE `laporanproduksi`
  ADD PRIMARY KEY (`laporan_id`);

--
-- Indexes for table `laporan_keluar`
--
ALTER TABLE `laporan_keluar`
  ADD PRIMARY KEY (`id`);

--
-- Indexes for table `mesin`
--
ALTER TABLE `mesin`
  ADD PRIMARY KEY (`mesin_id`);

--
-- Indexes for table `nota`
--
ALTER TABLE `nota`
  ADD PRIMARY KEY (`nota_id`);

--
-- Indexes for table `pembelian`
--
ALTER TABLE `pembelian`
  ADD PRIMARY KEY (`pembelian_id`),
  ADD KEY `user_id` (`user_id`) USING BTREE,
  ADD KEY `pemesanan_id` (`pemesanan_id`);

--
-- Indexes for table `pembelian_detail`
--
ALTER TABLE `pembelian_detail`
  ADD PRIMARY KEY (`belidetail_id`),
  ADD KEY `pembelian_id` (`pembelian_id`) USING BTREE,
  ADD KEY `pesandetail_id` (`pesandetail_id`),
  ADD KEY `supplier_id` (`supplier_id`);

--
-- Indexes for table `pemesanan`
--
ALTER TABLE `pemesanan`
  ADD PRIMARY KEY (`pemesanan_id`),
  ADD KEY `user_id` (`user_id`);

--
-- Indexes for table `penggunaan`
--
ALTER TABLE `penggunaan`
  ADD PRIMARY KEY (`penggunaan_id`),
  ADD KEY `barang_id` (`barang_id`),
  ADD KEY `user_id` (`user_id`);

--
-- Indexes for table `pesan_detail`
--
ALTER TABLE `pesan_detail`
  ADD PRIMARY KEY (`pesandetail_id`),
  ADD KEY `pemesanan_id` (`pemesanan_id`),
  ADD KEY `barang_id` (`barang_id`);

--
-- Indexes for table `report`
--
ALTER TABLE `report`
  ADD PRIMARY KEY (`report_id`);

--
-- Indexes for table `role`
--
ALTER TABLE `role`
  ADD PRIMARY KEY (`id_role`);

--
-- Indexes for table `shift`
--
ALTER TABLE `shift`
  ADD PRIMARY KEY (`shift_id`),
  ADD KEY `user_id` (`user_id`) USING BTREE;

--
-- Indexes for table `stock`
--
ALTER TABLE `stock`
  ADD PRIMARY KEY (`stock_id`),
  ADD KEY `barang_id` (`barang_id`) USING BTREE,
  ADD KEY `user_id` (`user_id`);

--
-- Indexes for table `supplier`
--
ALTER TABLE `supplier`
  ADD PRIMARY KEY (`supplier_id`);

--
-- Indexes for table `unit`
--
ALTER TABLE `unit`
  ADD PRIMARY KEY (`unit_id`) USING BTREE;

--
-- Indexes for table `user`
--
ALTER TABLE `user`
  ADD PRIMARY KEY (`user_id`),
  ADD KEY `id_role` (`id_role`);

--
-- AUTO_INCREMENT for dumped tables
--

--
-- AUTO_INCREMENT for table `barang`
--
ALTER TABLE `barang`
  MODIFY `barang_id` int(11) NOT NULL AUTO_INCREMENT, AUTO_INCREMENT=39;

--
-- AUTO_INCREMENT for table `barangproduksi`
--
ALTER TABLE `barangproduksi`
  MODIFY `barang_id` int(11) NOT NULL AUTO_INCREMENT, AUTO_INCREMENT=7;

--
-- AUTO_INCREMENT for table `gudang`
--
ALTER TABLE `gudang`
  MODIFY `id_gudang` int(11) NOT NULL AUTO_INCREMENT, AUTO_INCREMENT=51;

--
-- AUTO_INCREMENT for table `jenis`
--
ALTER TABLE `jenis`
  MODIFY `id` int(11) NOT NULL AUTO_INCREMENT, AUTO_INCREMENT=4;

--
-- AUTO_INCREMENT for table `laporanproduksi`
--
ALTER TABLE `laporanproduksi`
  MODIFY `laporan_id` int(11) NOT NULL AUTO_INCREMENT, AUTO_INCREMENT=41;

--
-- AUTO_INCREMENT for table `laporan_keluar`
--
ALTER TABLE `laporan_keluar`
  MODIFY `id` int(11) NOT NULL AUTO_INCREMENT, AUTO_INCREMENT=2;

--
-- AUTO_INCREMENT for table `mesin`
--
ALTER TABLE `mesin`
  MODIFY `mesin_id` int(11) NOT NULL AUTO_INCREMENT, AUTO_INCREMENT=8;

--
-- AUTO_INCREMENT for table `nota`
--
ALTER TABLE `nota`
  MODIFY `nota_id` int(11) NOT NULL AUTO_INCREMENT, AUTO_INCREMENT=19;

--
-- AUTO_INCREMENT for table `pembelian`
--
ALTER TABLE `pembelian`
  MODIFY `pembelian_id` int(11) NOT NULL AUTO_INCREMENT, AUTO_INCREMENT=174;

--
-- AUTO_INCREMENT for table `pembelian_detail`
--
ALTER TABLE `pembelian_detail`
  MODIFY `belidetail_id` int(11) NOT NULL AUTO_INCREMENT, AUTO_INCREMENT=172;

--
-- AUTO_INCREMENT for table `pemesanan`
--
ALTER TABLE `pemesanan`
  MODIFY `pemesanan_id` int(11) NOT NULL AUTO_INCREMENT, AUTO_INCREMENT=265;

--
-- AUTO_INCREMENT for table `penggunaan`
--
ALTER TABLE `penggunaan`
  MODIFY `penggunaan_id` int(11) NOT NULL AUTO_INCREMENT, AUTO_INCREMENT=33;

--
-- AUTO_INCREMENT for table `pesan_detail`
--
ALTER TABLE `pesan_detail`
  MODIFY `pesandetail_id` int(11) NOT NULL AUTO_INCREMENT, AUTO_INCREMENT=240;

--
-- AUTO_INCREMENT for table `role`
--
ALTER TABLE `role`
  MODIFY `id_role` int(11) NOT NULL AUTO_INCREMENT, AUTO_INCREMENT=4;

--
-- AUTO_INCREMENT for table `shift`
--
ALTER TABLE `shift`
  MODIFY `shift_id` int(11) NOT NULL AUTO_INCREMENT, AUTO_INCREMENT=41;

--
-- AUTO_INCREMENT for table `stock`
--
ALTER TABLE `stock`
  MODIFY `stock_id` int(11) NOT NULL AUTO_INCREMENT, AUTO_INCREMENT=90;

--
-- AUTO_INCREMENT for table `supplier`
--
ALTER TABLE `supplier`
  MODIFY `supplier_id` int(11) NOT NULL AUTO_INCREMENT, AUTO_INCREMENT=4;

--
-- AUTO_INCREMENT for table `unit`
--
ALTER TABLE `unit`
  MODIFY `unit_id` int(11) NOT NULL AUTO_INCREMENT, AUTO_INCREMENT=10;

--
-- AUTO_INCREMENT for table `user`
--
ALTER TABLE `user`
  MODIFY `user_id` int(11) NOT NULL AUTO_INCREMENT, AUTO_INCREMENT=7;

--
-- Constraints for dumped tables
--

--
-- Constraints for table `barang`
--
ALTER TABLE `barang`
  ADD CONSTRAINT `barang_ibfk_1` FOREIGN KEY (`unit_id`) REFERENCES `unit` (`unit_id`);

--
-- Constraints for table `gudang`
--
ALTER TABLE `gudang`
  ADD CONSTRAINT `gudang_ibfk_1` FOREIGN KEY (`barang_id`) REFERENCES `barang` (`barang_id`),
  ADD CONSTRAINT `gudang_ibfk_2` FOREIGN KEY (`user_id`) REFERENCES `user` (`user_id`);

--
-- Constraints for table `pembelian`
--
ALTER TABLE `pembelian`
  ADD CONSTRAINT `pembelian_ibfk_3` FOREIGN KEY (`user_id`) REFERENCES `user` (`user_id`);

--
-- Constraints for table `pemesanan`
--
ALTER TABLE `pemesanan`
  ADD CONSTRAINT `pemesanan_ibfk_1` FOREIGN KEY (`user_id`) REFERENCES `user` (`user_id`);

--
-- Constraints for table `penggunaan`
--
ALTER TABLE `penggunaan`
  ADD CONSTRAINT `penggunaan_ibfk_1` FOREIGN KEY (`barang_id`) REFERENCES `barang` (`barang_id`);

--
-- Constraints for table `pesan_detail`
--
ALTER TABLE `pesan_detail`
  ADD CONSTRAINT `pesan_detail_ibfk_1` FOREIGN KEY (`pemesanan_id`) REFERENCES `pemesanan` (`pemesanan_id`),
  ADD CONSTRAINT `pesan_detail_ibfk_2` FOREIGN KEY (`barang_id`) REFERENCES `barang` (`barang_id`);

--
-- Constraints for table `shift`
--
ALTER TABLE `shift`
  ADD CONSTRAINT `shift_ibfk_1` FOREIGN KEY (`user_id`) REFERENCES `user` (`user_id`);

--
-- Constraints for table `stock`
--
ALTER TABLE `stock`
  ADD CONSTRAINT `stock_ibfk_2` FOREIGN KEY (`barang_id`) REFERENCES `barang` (`barang_id`);

--
-- Constraints for table `user`
--
ALTER TABLE `user`
  ADD CONSTRAINT `user_ibfk_1` FOREIGN KEY (`id_role`) REFERENCES `role` (`id_role`);
COMMIT;

/*!40101 SET CHARACTER_SET_CLIENT=@OLD_CHARACTER_SET_CLIENT */;
/*!40101 SET CHARACTER_SET_RESULTS=@OLD_CHARACTER_SET_RESULTS */;
/*!40101 SET COLLATION_CONNECTION=@OLD_COLLATION_CONNECTION */;
